원본컬럼(df1),매칭컬럼(df2),유사도
가구가중값,가구가중값,100.0000
가구소득코드,가구소득,80.0000
가구원가중값,가구원가중값,100.0000
가구원번호,가구원번호,100.0000
가구일련번호,가구일련번호,100.0000
가구주관계코드,가구주관계,83.3333
개인적인간관계만족도코드,개인적인간관계만족도,90.9091
거처종류코드,거처종류,80.0000
계층의식코드,계층의식,80.0000
고용안정성_불안사유_코로나관련여부,고용안정성_불안사유_코로나관련여부,100.0000
고용안정성코드,고용안정성,83.3333
과거해외여행경험여부,과거해외여행경험여부,100.0000
교육정도코드,교육정도,80.0000
국내관광여행_당일여행횟수,국내관광여행_당일여행횟수,100.0000
국내관광여행_미경험사유_코로나관련여부,국내관광여행_미경험사유_코로나관련여부,100.0000
국내관광여행_숙박여행1회평균숙박일수,국내관광여행_숙박여행1회평균숙박일수,100.0000
국내관광여행_숙박여행횟수,국내관광여행_숙박여행횟수,100.0000
국내관광여행경험여부,국내관광여행경험여부,100.0000
근로여건만족도_근로시간코드,근로여건만족도_근로시간,92.3077
근로여건만족도_근무환경코드,근로여건만족도_근무환경,92.3077
근로여건만족도_급여코드,근로여건만족도_급여,90.9091
근로여건만족도_복리후생코드,근로여건만족도_복리후생,92.3077
근로여건만족도_업무코드,근로여건만족도_업무,90.9091
근로여건만족도_인간관계코드,근로여건만족도_인간관계,92.3077
근로여건만족도_인사관리코드,근로여건만족도_인사관리,92.3077
근로여건만족도_일가정양립직장문화코드,근로여건만족도_일가정양립직장문화,94.4444
근로여건만족도_장래성코드,근로여건만족도_장래성,91.6667
근로여건만족도_전반적일자리코드,근로여건만족도_전반적일자리,93.3333
근로여건만족도_직장내교육훈련기회코드,근로여건만족도_직장내교육훈련기회,94.4444
근로여건만족도_직장내성희롱방지노력코드,근로여건만족도_직장내성희롱방지노력,94.7368
근로여건만족도_직장내폭력방지노력코드,근로여건만족도_직장내폭력방지노력,94.4444
기부내용_기타_물품횟수,기부내용_기타_물품횟수,100.0000
기부내용_기타_현금금액,기부내용_기타_현금금액,100.0000
기부내용_기타_현금주기코드,기부내용_기타_현금주기,92.3077
기부내용_기타_현금횟수,기부내용_기타_현금횟수,100.0000
기부내용_대상자직접후원_물품횟수,기부내용_대상자직접후원_물품횟수,100.0000
기부내용_대상자직접후원_현금금액,기부내용_대상자직접후원_현금금액,100.0000
기부내용_대상자직접후원_현금주기코드,기부내용_대상자직접후원_현금주기,94.4444
기부내용_대상자직접후원_현금횟수,기부내용_대상자직접후원_현금횟수,100.0000
기부내용_모금단체후원_현금금액,기부내용_모금단체후원_현금금액,100.0000
기부내용_모금단체후원_현금주기코드,기부내용_모금단체후원_현금주기,94.1176
기부내용_모금단체후원_현금횟수,기부내용_모금단체후원_현금횟수,100.0000
기부내용_물품주기코드,기부내용_물품주기,90.0000
기부내용_물품횟수,기부내용_물품횟수,100.0000
기부내용_물품후원단체후원_물품횟수,기부내용_물품후원단체후원_물품횟수,100.0000
기부내용_언론기관후원_물품횟수,기부내용_언론기관후원_물품횟수,100.0000
기부내용_언론기관후원_현금금액,기부내용_언론기관후원_현금금액,100.0000
기부내용_언론기관후원_현금주기코드,기부내용_언론기관후원_현금주기,94.1176
기부내용_언론기관후원_현금횟수,기부내용_언론기관후원_현금횟수,100.0000
기부내용_종교단체후원_물품횟수,기부내용_종교단체후원_물품횟수,100.0000
기부내용_종교단체후원_현금금액,기부내용_종교단체후원_현금금액,100.0000
기부내용_종교단체후원_현금주기코드,기부내용_종교단체후원_현금주기,94.1176
기부내용_종교단체후원_현금횟수,기부내용_종교단체후원_현금횟수,100.0000
기부내용_직장기업후원_물품횟수,기부내용_직장기업후원_물품횟수,100.0000
기부내용_직장기업후원_현금금액,기부내용_직장기업후원_현금금액,100.0000
기부내용_직장기업후원_현금주기코드,기부내용_직장기업후원_현금주기,94.1176
기부내용_직장기업후원_현금횟수,기부내용_직장기업후원_현금횟수,100.0000
기부대상인지경로코드,기부대상인지경로,88.8889
기부문화확산_1순위코드,기부문화확산_1순위,90.9091
기부문화확산_2순위코드,기부문화확산_2순위,90.9091
기부문화확산_3순위코드,기부문화확산_3순위,90.9091
기부사유코드,기부사유,80.0000
기부여부,기부여부,100.0000
기부종류코드,기부종류,80.0000
기부희망분야_1순위코드,기부희망분야_1순위,90.9091
기부희망분야_2순위코드,기부희망분야_2순위,90.9091
기부희망분야_3순위코드,기부희망분야_3순위,90.9091
긴축소비지출항목_1순위코드,긴축소비지출항목_1순위,92.3077
긴축소비지출항목_2순위코드,긴축소비지출항목_2순위,92.3077
긴축소비지출항목_3순위코드,긴축소비지출항목_3순위,92.3077
내년가구재정상태코드,내년가구재정상태,88.8889
노후사회적관심사코드,노후사회적관심사,88.8889
노후사회적역할기타내용,노후사회적역할기타내용,100.0000
노후사회적역할코드,노후사회적역할,87.5000
노후생활주요활동_1순위코드,노후생활주요활동_1순위,92.3077
노후생활주요활동_2순위코드,노후생활주요활동_2순위,92.3077
노후생활주요활동_3순위코드,노후생활주요활동_3순위,92.3077
노후준비방법_노후미준비사유코드,노후준비방법_노후미준비사유,93.3333
노후준비방법_본인노후준비여부,노후준비방법_본인노후준비여부,100.0000
노후준비방법_부수적방법코드,노후준비방법_부수적방법,92.3077
노후준비방법_주된방법코드,노후준비방법_주된방법,91.6667
노후희망활동_1순위코드,노후희망활동_1순위,90.9091
노후희망활동_2순위코드,노후희망활동_2순위,90.9091
노후희망활동_3순위코드,노후희망활동_3순위,90.9091
노후희망활동코드,노후희망활동,85.7143
다문화가족여부,다문화가족여부,100.0000
단체참여_기타_코로나관련여부,단체참여_기타_코로나관련여부,100.0000
단체참여_기타여부,단체참여_기타여부,100.0000
단체참여_시민사회단체_코로나관련여부,단체참여_시민사회단체_코로나관련여부,100.0000
단체참여_시민사회단체여부,단체참여_시민사회단체여부,100.0000
단체참여_이익단체_코로나관련여부,단체참여_이익단체_코로나관련여부,100.0000
단체참여_이익단체여부,단체참여_이익단체여부,100.0000
단체참여_정치단체_코로나관련여부,단체참여_정치단체_코로나관련여부,100.0000
단체참여_정치단체여부,단체참여_정치단체여부,100.0000
단체참여_종교단체_코로나관련여부,단체참여_종교단체_코로나관련여부,100.0000
단체참여_종교단체여부,단체참여_종교단체여부,100.0000
단체참여_지역사회모임_코로나관련여부,단체참여_지역사회모임_코로나관련여부,100.0000
단체참여_지역사회모임여부,단체참여_지역사회모임여부,100.0000
단체참여_취미스포츠여가활동단체_코로나관련여부,단체참여_취미스포츠여가활동단체_코로나관련여부,100.0000
단체참여_취미스포츠여가활동단체여부,단체참여_취미스포츠여가활동단체여부,100.0000
단체참여_친목사교단체_코로나관련여부,단체참여_친목사교단체_코로나관련여부,100.0000
단체참여_친목사교단체여부,단체참여_친목사교단체여부,100.0000
단체참여_학술단체_코로나관련여부,단체참여_학술단체_코로나관련여부,100.0000
단체참여_학술단체여부,단체참여_학술단체여부,100.0000
단체참여여부,단체참여여부,100.0000
독서_교양서적_전자책권수,독서_교양서적_전자책권수,100.0000
독서_교양서적_종이책권수,독서_교양서적_종이책권수,100.0000
독서_교양서적권수,독서_교양서적권수,100.0000
독서_기타_오디오북권수,독서_기타_오디오북권수,100.0000
독서_기타_전자책권수,독서_기타_전자책권수,100.0000
독서_기타_종이책권수,독서_기타_종이책권수,100.0000
독서_기타권수,독서_기타권수,100.0000
독서_생활취미정보서적_오디오북권수,독서_생활취미정보서적_오디오북권수,100.0000
독서_생활취미정보서적_전자책권수,독서_생활취미정보서적_전자책권수,100.0000
독서_생활취미정보서적_종이책권수,독서_생활취미정보서적_종이책권수,100.0000
독서_생활취미정보서적권수,독서_생활취미정보서적권수,100.0000
독서_오디오북_교양서적권수,독서_오디오북_교양서적권수,100.0000
독서_잡지류_오디오북권수,독서_잡지류_오디오북권수,100.0000
독서_잡지류_전자책권수,독서_잡지류_전자책권수,100.0000
독서_잡지류_종이책권수,독서_잡지류_종이책권수,100.0000
독서_잡지류권수,독서_잡지류권수,100.0000
독서_직업직무관련서적_오디오북권수,독서_직업직무관련서적_오디오북권수,100.0000
독서_직업직무관련서적_전자책권수,독서_직업직무관련서적_전자책권수,100.0000
독서_직업직무관련서적_종이책권수,독서_직업직무관련서적_종이책권수,100.0000
독서_직업직무관련서적권수,독서_직업직무관련서적권수,100.0000
독서여부,독서여부,100.0000
레저시설_골프장이용횟수,레저시설_골프장이용횟수,100.0000
레저시설_관광명소유적지국립공원이용횟수,레저시설_관광명소유적지국립공원이용횟수,100.0000
레저시설_기타이용횟수,레저시설_기타이용횟수,100.0000
레저시설_놀이공원이용횟수,레저시설_놀이공원이용횟수,100.0000
레저시설_산림욕장휴양림이용횟수,레저시설_산림욕장휴양림이용횟수,100.0000
레저시설_수영장워터파크포함이용횟수,레저시설_수영장워터파크포함이용횟수,100.0000
레저시설_스키장스케이트장이용횟수,레저시설_스키장스케이트장이용횟수,100.0000
레저시설_스키장이용횟수,레저시설_스키장이용횟수,100.0000
레저시설_온천장스파이용횟수,레저시설_온천장스파이용횟수,100.0000
레저시설_이용여부코드,레저시설_이용여부,90.0000
레저시설_해수욕장이용횟수,레저시설_해수욕장이용횟수,100.0000
레저시설이용횟수,레저시설이용횟수,100.0000
만연령,만연령,100.0000
문화예술스포츠관람_기타횟수,문화예술스포츠관람_기타횟수,100.0000
문화예술스포츠관람_무용_온라인횟수,문화예술스포츠관람_무용_온라인횟수,100.0000
문화예술스포츠관람_무용횟수,문화예술스포츠관람_무용횟수,100.0000
문화예술스포츠관람_문학행사(시화전도서전시회)_관람횟수,문화예술스포츠관람_문학행사(시화전도서전시회)_관람횟수,100.0000
문화예술스포츠관람_미술관_온라인횟수,문화예술스포츠관람_미술관_온라인횟수,100.0000
문화예술스포츠관람_미술관횟수,문화예술스포츠관람_미술관횟수,100.0000
문화예술스포츠관람_박물관_온라인횟수,문화예술스포츠관람_박물관_온라인횟수,100.0000
문화예술스포츠관람_박물관횟수,문화예술스포츠관람_박물관횟수,100.0000
문화예술스포츠관람_스포츠횟수,문화예술스포츠관람_스포츠횟수,100.0000
문화예술스포츠관람_연극마당극뮤지컬_온라인횟수,문화예술스포츠관람_연극마당극뮤지컬_온라인횟수,100.0000
문화예술스포츠관람_연극마당극뮤지컬횟수,문화예술스포츠관람_연극마당극뮤지컬횟수,100.0000
문화예술스포츠관람_영화횟수,문화예술스포츠관람_영화횟수,100.0000
문화예술스포츠관람_음악연주회콘서트_온라인횟수,문화예술스포츠관람_음악연주회콘서트_온라인횟수,100.0000
문화예술스포츠관람_음악연주회콘서트횟수,문화예술스포츠관람_음악연주회콘서트횟수,100.0000
문화예술스포츠관람_음악연주회횟수,문화예술스포츠관람_음악연주회횟수,100.0000
문화예술스포츠관람여부,문화예술스포츠관람여부,100.0000
미기부사유코드,미기부사유,83.3333
배우자지난1주간경제활동여부,배우자지난1주간경제활동여부,100.0000
본인방역수칙준수코드,본인방역수칙준수,88.8889
본인세대_계층이동코드,본인세대_계층이동,90.0000
부채변화_증가사유_코로나관련여부,부채변화_증가사유_코로나관련여부,100.0000
부채변화코드,부채변화,80.0000
분류코드_가구소득1코드,분류코드_가구소득1,90.9091
분류코드_가구소득2코드,분류코드_가구소득2,90.9091
분류코드_가구소득3코드,분류코드_가구소득3,90.9091
분류코드_가구원수,분류코드_가구원수,100.0000
분류코드_가구원수2코드,분류코드_가구원수2,90.9091
분류코드_경제활동2여부,분류코드_경제활동2여부,100.0000
분류코드_경제활동여부,분류코드_경제활동여부,100.0000
분류코드_계층의식코드,분류코드_계층의식,90.0000
분류코드_고용안전성코드,분류코드_고용안전성,90.9091
분류코드_고용안정성여부,분류코드_고용안정성여부,100.0000
분류코드_교육정도코드,분류코드_교육정도,90.0000
분류코드_기부여부,분류코드_기부여부,100.0000
분류코드_다문화가족여부,분류코드_다문화가족여부,100.0000
분류코드_동부읍면부구분코드,분류코드_동부읍면부구분,92.3077
분류코드_만13세이상여부,분류코드_만13세이상여부,100.0000
분류코드_만15세이상여부,분류코드_만15세이상여부,100.0000
분류코드_맞벌이1여부,분류코드_맞벌이1여부,100.0000
분류코드_맞벌이2여부,분류코드_맞벌이2여부,100.0000
분류코드_물품기부여부,분류코드_물품기부여부,100.0000
분류코드_물품기부정기성여부,분류코드_물품기부정기성여부,100.0000
분류코드_산업별코드,분류코드_산업별,88.8889
분류코드_성별코드,분류코드_성별,87.5000
분류코드_세대구분코드,분류코드_세대구분,90.0000
분류코드_소득만족도코드,분류코드_소득만족도,90.9091
분류코드_연령10코드,분류코드_연령10,90.0000
분류코드_연령11코드,분류코드_연령11,90.0000
분류코드_연령12코드,분류코드_연령12,90.0000
분류코드_연령13코드,분류코드_연령13,90.0000
분류코드_연령14코드,분류코드_연령14,90.0000
분류코드_연령15코드,분류코드_연령15,90.0000
분류코드_연령16코드,분류코드_연령16,90.0000
분류코드_연령1코드,분류코드_연령1,88.8889
분류코드_연령2코드,분류코드_연령2,88.8889
분류코드_연령3코드,분류코드_연령3,88.8889
분류코드_연령4코드,분류코드_연령4,88.8889
분류코드_연령5코드,분류코드_연령5,88.8889
분류코드_연령6코드,분류코드_연령6,88.8889
분류코드_연령7코드,분류코드_연령7,88.8889
분류코드_연령8코드,분류코드_연령8,88.8889
분류코드_연령9코드,분류코드_연령9,88.8889
분류코드_연령교육정도별1코드,분류코드_연령교육정도별1,92.8571
분류코드_연령교육정도별2코드,분류코드_연령교육정도별2,92.8571
분류코드_연령교육정도별3코드,분류코드_연령교육정도별3,92.8571
분류코드_연령교육정도별4코드,분류코드_연령교육정도별4,92.8571
분류코드_연령교육정도별5코드,분류코드_연령교육정도별5,92.8571
분류코드_연령교육정도별6코드,분류코드_연령교육정도별6,92.8571
분류코드_연령교육정도별7코드,분류코드_연령교육정도별7,92.8571
분류코드_연령성별10코드,분류코드_연령성별10,91.6667
분류코드_연령성별11코드,분류코드_연령성별11,91.6667
분류코드_연령성별1코드,분류코드_연령성별1,90.9091
분류코드_연령성별2코드,분류코드_연령성별2,90.9091
분류코드_연령성별3코드,분류코드_연령성별3,90.9091
분류코드_연령성별4코드,분류코드_연령성별4,90.9091
분류코드_연령성별5코드,분류코드_연령성별5,90.9091
분류코드_연령성별6코드,분류코드_연령성별6,90.9091
분류코드_연령성별7코드,분류코드_연령성별7,90.9091
분류코드_연령성별8코드,분류코드_연령성별8,90.9091
분류코드_연령성별9코드,분류코드_연령성별9,90.9091
분류코드_임금근로자구분코드,분류코드_임금근로자구분,92.3077
분류코드_자원봉사여부,분류코드_자원봉사여부,100.0000
분류코드_자원봉사정기성여부,분류코드_자원봉사정기성여부,100.0000
분류코드_장애인복지카드_소유여부,분류코드_장애인복지카드_소유여부,100.0000
분류코드_점유형태1코드,분류코드_점유형태1,90.9091
분류코드_점유형태2코드,분류코드_점유형태2,90.9091
분류코드_종사자지위코드,분류코드_종사자지위,90.9091
분류코드_주관적만족감코드,분류코드_주관적만족감,91.6667
분류코드_주관적소득수준코드,분류코드_주관적소득수준,92.3077
분류코드_주택형태1코드,분류코드_주택형태1,90.9091
분류코드_주택형태2코드,분류코드_주택형태2,90.9091
분류코드_직업별코드,분류코드_직업별,88.8889
분류코드_청소년교육정도1코드,분류코드_청소년교육정도1,92.8571
분류코드_청소년교육정도2코드,분류코드_청소년교육정도2,92.8571
분류코드_현금기부여부,분류코드_현금기부여부,100.0000
분류코드_현금기부정기성여부,분류코드_현금기부정기성여부,100.0000
분류코드_혼인상태2코드,분류코드_혼인상태2,90.9091
분류코드_혼인상태코드,분류코드_혼인상태,90.0000
사회보험료부담인식_건강보험납부여부,사회보험료부담인식_건강보험납부여부,100.0000
사회보험료부담인식_건강보험부담정도코드,사회보험료부담인식_건강보험부담정도,94.7368
사회보험료부담인식_고용보험납부여부,사회보험료부담인식_고용보험납부여부,100.0000
사회보험료부담인식_고용보험부담정도코드,사회보험료부담인식_고용보험부담정도,94.7368
사회보험료부담인식_국민연금납부여부,사회보험료부담인식_국민연금납부여부,100.0000
사회보험료부담인식_국민연금부담정도코드,사회보험료부담인식_국민연금부담정도,94.7368
사회장애인차별정도코드,사회장애인차별정도,90.0000
사회적관계망_가사도움요청대상유무,사회적관계망_가사도움요청대상유무,100.0000
사회적관계망_가사도움요청대상인원수,사회적관계망_가사도움요청대상인원수,100.0000
사회적관계망_교류가족친척외유무,사회적관계망_교류가족친척외유무,100.0000
사회적관계망_교류가족친척외인원수,사회적관계망_교류가족친척외인원수,100.0000
사회적관계망_교류가족친척유무,사회적관계망_교류가족친척유무,100.0000
사회적관계망_교류가족친척인원수,사회적관계망_교류가족친척인원수,100.0000
사회적관계망_대화상대도움요청대상유무,사회적관계망_대화상대도움요청대상유무,100.0000
사회적관계망_대화상대도움요청대상인원수,사회적관계망_대화상대도움요청대상인원수,100.0000
사회적관계망_자금차입도움요청대상유무,사회적관계망_자금차입도움요청대상유무,100.0000
사회적관계망_자금차입도움요청대상인원수,사회적관계망_자금차입도움요청대상인원수,100.0000
사회적관계망변화_가족_변화정도코드,사회적관계망변화_가족_변화정도,94.1176
사회적관계망변화_가족외친인척_변화정도코드,사회적관계망변화_가족외친인척_변화정도,95.2381
사회적관계망변화_기타지인_변화정도코드,사회적관계망변화_기타지인_변화정도,94.7368
사회적관계망변화_동료_변화정도코드,사회적관계망변화_동료_변화정도,94.1176
사회적관계망변화_이웃_변화정도코드,사회적관계망변화_이웃_변화정도,94.1176
사회적관계망변화_종교단체구성원_변화정도코드,사회적관계망변화_종교단체구성원_변화정도,95.4545
사회적관계망변화_취미활동단체회원_변화정도코드,사회적관계망변화_취미활동단체회원_변화정도,95.6522
사회적관계망변화_친구_변화정도코드,사회적관계망변화_친구_변화정도,94.1176
생활비마련방법_본인및배우자부담코드,생활비마련방법_본인및배우자부담,94.1176
생활비마련방법_지원자녀및친척동거여부,생활비마련방법_지원자녀및친척동거여부,100.0000
생활비마련방법코드,생활비마련방법,87.5000
생활여건변화_문화여가생활여건_코로나관련여부,생활여건변화_문화여가생활여건_코로나관련여부,100.0000
생활여건변화_문화여가생활여건코드,생활여건변화_문화여가생활여건,93.7500
생활여건변화_보건의료서비스_코로나관련여부,생활여건변화_보건의료서비스_코로나관련여부,100.0000
생활여건변화_보건의료서비스코드,생활여건변화_보건의료서비스,93.3333
생활여건변화_사회보장제도_코로나관련여부,생활여건변화_사회보장제도_코로나관련여부,100.0000
생활여건변화_사회보장제도코드,생활여건변화_사회보장제도,92.8571
생활여건변화_전반적생활여건_코로나관련여부,생활여건변화_전반적생활여건_코로나관련여부,100.0000
생활여건변화_전반적생활여건코드,생활여건변화_전반적생활여건,93.3333
선호장례방법코드,선호장례방법,85.7143
성별코드,성별,66.6667
성취만족도코드,성취만족도,83.3333
소득만족도코드,소득만족도,83.3333
소득변화_감소사유_코로나관련여부,소득변화_감소사유_코로나관련여부,100.0000
소득변화코드,소득변화,80.0000
소비생활만족도코드,소비생활만족도,87.5000
소비생활변화코드,소비생활변화,85.7143
신뢰코드,신뢰,66.6667
신문_인터넷신문구독분야코드,신문_인터넷신문구독분야,92.3077
신문_인터넷신문구독여부,신문_인터넷신문구독여부,100.0000
신문_인터넷신문구독주기코드,신문_인터넷신문구독주기,92.3077
신문_일반신문구독분야코드,신문_일반신문구독분야,91.6667
신문_일반신문구독여부,신문_일반신문구독여부,100.0000
신문_일반신문구독주기코드,신문_일반신문구독주기,91.6667
여가활동_동반자코드,여가활동_동반자,88.8889
여가활용_불만족사유코드,여가활용_불만족사유,90.9091
여가활용만족도코드,여가활용만족도,87.5000
여가활용불만족사유코드,여가활용불만족사유,90.0000
여성취업견해코드,여성취업견해,85.7143
여성취업시기코드,여성취업시기,85.7143
여성취업장애요인_1순위코드,여성취업장애요인_1순위,92.3077
여성취업장애요인_2순위코드,여성취업장애요인_2순위,92.3077
여성취업장애요인_3순위코드,여성취업장애요인_3순위,92.3077
우선실시장애인복지사업_1순위코드,우선실시장애인복지사업_1순위,93.7500
우선실시장애인복지사업_2순위코드,우선실시장애인복지사업_2순위,93.7500
우선실시장애인복지사업_3순위코드,우선실시장애인복지사업_3순위,93.7500
원격수업_비효과사유_1순위코드,원격수업_비효과사유_1순위,93.3333
원격수업_비효과사유_2순위코드,원격수업_비효과사유_2순위,93.3333
원격수업_비효과사유_3순위코드,원격수업_비효과사유_3순위,93.3333
원격수업_효과성여부,원격수업_효과성여부,100.0000
원격수업여부,원격수업여부,100.0000
유산기부의사여부,유산기부의사여부,100.0000
일가정생활우선도코드,일가정생활우선도,88.8889
일가정양립제도인지도_가족돌봄휴직제인지여부,일가정양립제도인지도_가족돌봄휴직제인지여부,100.0000
일가정양립제도인지도_배우자출산휴가제인지여부,일가정양립제도인지도_배우자출산휴가제인지여부,100.0000
일가정양립제도인지도_유연근무제인지여부,일가정양립제도인지도_유연근무제인지여부,100.0000
일가정양립제도인지도_육아기근로시간단축제인지여부,일가정양립제도인지도_육아기근로시간단축제인지여부,100.0000
일가정양립제도인지도_육아휴직제인지여부,일가정양립제도인지도_육아휴직제인지여부,100.0000
일가정양립제도인지도_직장보육지원인지여부,일가정양립제도인지도_직장보육지원인지여부,100.0000
일가정양립제도인지도_출산전후휴가제인지여부,일가정양립제도인지도_출산전후휴가제인지여부,100.0000
임금근로자구분코드,임금근로자구분,87.5000
자녀유무,자녀유무,100.0000
자식세대_계층이동코드,자식세대_계층이동,90.0000
자원봉사_아동청소년노인장애인재소자관련시간수,자원봉사_아동청소년노인장애인재소자관련시간수,100.0000
자원봉사_아동청소년노인장애인재소자관련횟수,자원봉사_아동청소년노인장애인재소자관련횟수,100.0000
자원봉사활동_교육_1회평균활동시간수,자원봉사활동_교육_1회평균활동시간수,100.0000
자원봉사활동_교육_연간참여총횟수,자원봉사활동_교육_연간참여총횟수,100.0000
자원봉사활동_국가및지역행사관련시간수,자원봉사활동_국가및지역행사관련시간수,100.0000
자원봉사활동_국가및지역행사관련주기코드,자원봉사활동_국가및지역행사관련주기,94.7368
자원봉사활동_국가및지역행사관련횟수,자원봉사활동_국가및지역행사관련횟수,100.0000
자원봉사활동_국가지역행사관련시간수,자원봉사활동_국가지역행사관련시간수,100.0000
자원봉사활동_국가지역행사관련횟수,자원봉사활동_국가지역행사관련횟수,100.0000
자원봉사활동_국제협력해외봉사_1회평균활동시간수,자원봉사활동_국제협력해외봉사_1회평균활동시간수,100.0000
자원봉사활동_국제협력해외봉사_연간참여총횟수,자원봉사활동_국제협력해외봉사_연간참여총횟수,100.0000
자원봉사활동_기타일반봉사관련시간수,자원봉사활동_기타일반봉사관련시간수,100.0000
자원봉사활동_기타일반봉사관련주기코드,자원봉사활동_기타일반봉사관련주기,94.4444
자원봉사활동_기타일반봉사관련횟수,자원봉사활동_기타일반봉사관련횟수,100.0000
자원봉사활동_농어촌봉사_1회평균활동시간수,자원봉사활동_농어촌봉사_1회평균활동시간수,100.0000
자원봉사활동_농어촌봉사_연간참여총횟수,자원봉사활동_농어촌봉사_연간참여총횟수,100.0000
자원봉사활동_문화행사_1회평균활동시간수,자원봉사활동_문화행사_1회평균활동시간수,100.0000
자원봉사활동_문화행사_연간참여총횟수,자원봉사활동_문화행사_연간참여총횟수,100.0000
자원봉사활동_보건의료_1회평균활동시간수,자원봉사활동_보건의료_1회평균활동시간수,100.0000
자원봉사활동_보건의료_연간참여총횟수,자원봉사활동_보건의료_연간참여총횟수,100.0000
자원봉사활동_상담_1회평균활동시간수,자원봉사활동_상담_1회평균활동시간수,100.0000
자원봉사활동_상담_연간참여총횟수,자원봉사활동_상담_연간참여총횟수,100.0000
자원봉사활동_생활편의지원_1회평균활동시간수,자원봉사활동_생활편의지원_1회평균활동시간수,100.0000
자원봉사활동_생활편의지원_연간참여총횟수,자원봉사활동_생활편의지원_연간참여총횟수,100.0000
자원봉사활동_아동청소년노인장애인재소자관련시간수,자원봉사활동_아동청소년노인장애인재소자관련시간수,100.0000
자원봉사활동_아동청소년노인장애인재소자관련주기코드,자원봉사활동_아동청소년노인장애인재소자관련주기,96.0000
자원봉사활동_아동청소년노인장애인재소자관련횟수,자원봉사활동_아동청소년노인장애인재소자관련횟수,100.0000
자원봉사활동_안전방범_1회평균활동시간수,자원봉사활동_안전방범_1회평균활동시간수,100.0000
자원봉사활동_안전방범_연간참여총횟수,자원봉사활동_안전방범_연간참여총횟수,100.0000
자원봉사활동_인권공익_1회평균활동시간수,자원봉사활동_인권공익_1회평균활동시간수,100.0000
자원봉사활동_인권공익_연간참여총횟수,자원봉사활동_인권공익_연간참여총횟수,100.0000
자원봉사활동_자녀교육관련시간수,자원봉사활동_자녀교육관련시간수,100.0000
자원봉사활동_자녀교육관련주기코드,자원봉사활동_자녀교육관련주기,93.7500
자원봉사활동_자녀교육관련횟수,자원봉사활동_자녀교육관련횟수,100.0000
자원봉사활동_재해재난응급_1회평균활동시간수,자원봉사활동_재해재난응급_1회평균활동시간수,100.0000
자원봉사활동_재해재난응급_연간참여총횟수,자원봉사활동_재해재난응급_연간참여총횟수,100.0000
자원봉사활동_재해지역주민돕기및시설복구관련시간수,자원봉사활동_재해지역주민돕기및시설복구관련시간수,100.0000
자원봉사활동_재해지역주민돕기및시설복구관련주기코드,자원봉사활동_재해지역주민돕기및시설복구관련주기,96.0000
자원봉사활동_재해지역주민돕기및시설복구관련횟수,자원봉사활동_재해지역주민돕기및시설복구관련횟수,100.0000
자원봉사활동_재해지역주민돕기시설복구관련시간수,자원봉사활동_재해지역주민돕기시설복구관련시간수,100.0000
자원봉사활동_재해지역주민돕기시설복구관련횟수,자원봉사활동_재해지역주민돕기시설복구관련횟수,100.0000
자원봉사활동_주거환경_1회평균활동시간수,자원봉사활동_주거환경_1회평균활동시간수,100.0000
자원봉사활동_주거환경_연간참여총횟수,자원봉사활동_주거환경_연간참여총횟수,100.0000
자원봉사활동_행정보조_1회평균활동시간수,자원봉사활동_행정보조_1회평균활동시간수,100.0000
자원봉사활동_행정보조_연간참여총횟수,자원봉사활동_행정보조_연간참여총횟수,100.0000
자원봉사활동_환경보전범죄예방관련시간수,자원봉사활동_환경보전범죄예방관련시간수,100.0000
자원봉사활동_환경보전범죄예방관련주기코드,자원봉사활동_환경보전범죄예방관련주기,95.0000
자원봉사활동_환경보전범죄예방관련횟수,자원봉사활동_환경보전범죄예방관련횟수,100.0000
자원봉사활동_환경보호_1회평균활동시간수,자원봉사활동_환경보호_1회평균활동시간수,100.0000
자원봉사활동_환경보호_연간참여총횟수,자원봉사활동_환경보호_연간참여총횟수,100.0000
자원봉사활동미참여사유코드,자원봉사활동미참여사유,91.6667
자원봉사활동여부,자원봉사활동여부,100.0000
자원봉사활동인지경로코드,자원봉사활동인지경로,90.9091
자원봉사활동정기성여부,자원봉사활동정기성여부,100.0000
자원봉사활동정기성주기코드,자원봉사활동정기성주기,91.6667
자원봉사활동참여사유코드,자원봉사활동참여사유,90.9091
장애구분인지여부,장애구분인지여부,100.0000
장애인견해코드,장애인견해,83.3333
장애인관련시설견해코드,장애인관련시설견해,90.0000
장애인복지사업견해코드,장애인복지사업견해,90.0000
장애인복지카드_소유여부,장애인복지카드_소유여부,100.0000
장애인유대관계대상_1순위코드,장애인유대관계대상_1순위,92.8571
장애인유대관계대상_2순위코드,장애인유대관계대상_2순위,92.8571
장애인유대관계대상_3순위코드,장애인유대관계대상_3순위,92.8571
장애인유대관계여부,장애인유대관계여부,100.0000
재택근무_비효율사유_1순위코드,재택근무_비효율사유_1순위,93.3333
재택근무_비효율사유_2순위코드,재택근무_비효율사유_2순위,93.3333
재택근무_비효율사유_3순위코드,재택근무_비효율사유_3순위,93.3333
재택근무_코로나관련여부,재택근무_코로나관련여부,100.0000
재택근무_효율성여부,재택근무_효율성여부,100.0000
재택근무여부,재택근무여부,100.0000
재학상태코드,재학상태,80.0000
재학학년코드,재학학년,80.0000
전문성활용자원봉사활동_구분코드,전문성활용자원봉사활동_구분,93.3333
전문성활용자원봉사활동_내용코드,전문성활용자원봉사활동_내용,93.3333
전문성활용자원봉사활동_참석여부,전문성활용자원봉사활동_참석여부,100.0000
전반적일자리만족도코드,전반적일자리만족도,90.0000
점유형태코드,점유형태,80.0000
정기기부_물품기부_주기코드,정기기부_물품기부_주기,92.3077
정기기부_물품기부여부,정기기부_물품기부여부,100.0000
정기기부_물품기부주기코드,정기기부_물품기부주기,91.6667
정기기부_현금기부_주기코드,정기기부_현금기부_주기,92.3077
정기기부_현금기부여부,정기기부_현금기부여부,100.0000
정기기부_현금기부주기코드,정기기부_현금기부주기,91.6667
종사상지위코드,종사상지위,83.3333
주관적만족감_불만족사유_코로나관련여부,주관적만족감_불만족사유_코로나관련여부,100.0000
주관적만족감코드,주관적만족감,85.7143
주관적소득수준코드,주관적소득수준,87.5000
주말여가활동_동반자코드,주말여가활동_동반자,90.9091
주말휴일여가활용_1순위코드,주말휴일여가활용_1순위,92.3077
주말휴일여가활용_2순위코드,주말휴일여가활용_2순위,92.3077
주말휴일여가활용_3순위코드,주말휴일여가활용_3순위,92.3077
주중여가활동_동반자코드,주중여가활동_동반자,90.9091
주중여가활용_1순위코드,주중여가활용_1순위,90.9091
주중여가활용_2순위코드,주중여가활용_2순위,90.9091
주중여가활용_3순위코드,주중여가활용_3순위,90.9091
지난1주간경제활동_비경제활동사유_코로나관련여부,지난1주간경제활동_비경제활동사유_코로나관련여부,100.0000
지난1주간경제활동여부,지난1주간경제활동여부,100.0000
직업대분류코드,직업대분류,83.3333
직업선택요인_1순위코드,직업선택요인_1순위,90.9091
직업선택요인_2순위코드,직업선택요인_2순위,90.9091
직업선택요인_3순위코드,직업선택요인_3순위,90.9091
직장산업대분류코드,직장산업대분류,87.5000
참여단체_1순위코드,참여단체_1순위,88.8889
참여단체_2순위코드,참여단체_2순위,88.8889
참여단체_3순위코드,참여단체_3순위,88.8889
청년선호직장코드,청년선호직장,85.7143
코로나19일상생활(방역및위생활동강화)_변화견해코드,코로나19일상생활(방역및위생활동강화)_변화견해,96.1538
코로나19일상생활(방역및위생활동강화)_변화지속가능성견해코드,코로나19일상생활(방역및위생활동강화)_변화지속가능성견해,96.7742
코로나19일상생활(배달및배송을통한소비활동증가)_변화견해코드,코로나19일상생활(배달및배송을통한소비활동증가)_변화견해,96.7742
코로나19일상생활(배달및배송을통한소비활동증가)_변화지속가능성견해코드,코로나19일상생활(배달및배송을통한소비활동증가)_변화지속가능성견해,97.2222
코로나19일상생활(여가및취미생활문화발달)_변화견해코드,코로나19일상생활(여가및취미생활문화발달)_변화견해,96.4286
코로나19일상생활(여가및취미생활문화발달)_변화지속가능성견해코드,코로나19일상생활(여가및취미생활문화발달)_변화지속가능성견해,96.9697
코로나19일상생활(온라인학습확산)_변화견해코드,코로나19일상생활(온라인학습확산)_변화견해,95.8333
코로나19일상생활(온라인학습확산)_변화지속가능성견해코드,코로나19일상생활(온라인학습확산)_변화지속가능성견해,96.5517
코로나19일상생활(유연근무제확산)_변화견해코드,코로나19일상생활(유연근무제확산)_변화견해,95.8333
코로나19일상생활(유연근무제확산)_변화지속가능성견해코드,코로나19일상생활(유연근무제확산)_변화지속가능성견해,96.5517
코로나19일상생활(직장단체회식감소)_변화견해코드,코로나19일상생활(직장단체회식감소)_변화견해,96.0000
코로나19일상생활(직장단체회식감소)_변화지속가능성견해코드,코로나19일상생활(직장단체회식감소)_변화지속가능성견해,96.6667
코로나19일상생활(친목및사교목적모임감소)_변화견해코드,코로나19일상생활(친목및사교목적모임감소)_변화견해,96.4286
코로나19일상생활(친목및사교목적모임감소)_변화지속가능성견해코드,코로나19일상생활(친목및사교목적모임감소)_변화지속가능성견해,96.9697
타인방역수칙준수코드,타인방역수칙준수,88.8889
표본층번호,표본층번호,100.0000
해외여행경험_가족친지관련횟수,해외여행경험_가족친지관련횟수,100.0000
해외여행경험_관광횟수,해외여행경험_관광횟수,100.0000
해외여행경험_교육횟수,해외여행경험_교육횟수,100.0000
해외여행경험_미경험사유_코로나관련여부,해외여행경험_미경험사유_코로나관련여부,100.0000
해외여행경험_업무횟수,해외여행경험_업무횟수,100.0000
해외여행경험여부,해외여행경험여부,100.0000
행정구역시도코드,행정구역시도,85.7143
향후기부의사여부,향후기부의사여부,100.0000
향후자녀동거의향여부,향후자녀동거의향여부,100.0000
향후자원봉사활동의사여부,향후자원봉사활동의사여부,100.0000
향후추가대상공공시설_1순위코드,향후추가대상공공시설_1순위,93.3333
향후추가대상공공시설_2순위코드,향후추가대상공공시설_2순위,93.3333
향후추가대상공공시설_3순위코드,향후추가대상공공시설_3순위,93.3333
향후추가대상복지서비스_1순위코드,향후추가대상복지서비스_1순위,93.7500
향후추가대상복지서비스_2순위코드,향후추가대상복지서비스_2순위,93.7500
향후추가대상복지서비스_3순위코드,향후추가대상복지서비스_3순위,93.7500
향후희망거처코드,향후희망거처,85.7143
향후희망여가활동_1순위코드,향후희망여가활동_1순위,92.3077
향후희망여가활동_2순위코드,향후희망여가활동_2순위,92.3077
향후희망여가활동_3순위코드,향후희망여가활동_3순위,92.3077
현재소득여부,현재소득여부,100.0000
현재자녀동거사유_1순위코드,현재자녀동거사유_1순위,92.3077
현재자녀동거사유_2순위코드,현재자녀동거사유_2순위,92.3077
현재자녀동거사유_3순위코드,현재자녀동거사유_3순위,92.3077
현재자녀동거여부,현재자녀동거여부,100.0000
현재자녀비동거사유_1순위코드,현재자녀비동거사유_1순위,92.8571
현재자녀비동거사유_2순위코드,현재자녀비동거사유_2순위,92.8571
현재자녀비동거사유_3순위코드,현재자녀비동거사유_3순위,92.8571
혼인상태코드,혼인상태,80.0000
혼인신고여부,혼인신고여부,100.0000
활동제약상태(계단을오르는데어려움)_어려움정도코드,활동제약상태(계단을오르는데어려움)_어려움정도,96.0000
활동제약상태(계단을오르는데어려움)_지속예상기간코드,활동제약상태(계단을오르는데어려움)_지속예상기간,96.1538
활동제약상태(기억하거나집중하는데어려움)_어려움정도코드,활동제약상태(기억하거나집중하는데어려움)_어려움정도,96.4286
활동제약상태(기억하거나집중하는데어려움)_지속예상기간코드,활동제약상태(기억하거나집중하는데어려움)_지속예상기간,96.5517
활동제약상태(보청기를사용해도듣는데어려움)_어려움정도코드,활동제약상태(보청기를사용해도듣는데어려움)_어려움정도,96.5517
활동제약상태(보청기를사용해도듣는데어려움)_지속예상기간코드,활동제약상태(보청기를사용해도듣는데어려움)_지속예상기간,96.6667
활동제약상태(스스로자기관리활동을하는데어려움)_어려움정도코드,활동제약상태(스스로자기관리활동을하는데어려움)_어려움정도,96.7742
활동제약상태(스스로자기관리활동을하는데어려움)_지속예상기간코드,활동제약상태(스스로자기관리활동을하는데어려움)_지속예상기간,96.8750
활동제약상태(안경을써도보는데어려움)_어려움정도코드,활동제약상태(안경을써도보는데어려움)_어려움정도,96.1538
활동제약상태(안경을써도보는데어려움)_지속예상기간코드,활동제약상태(안경을써도보는데어려움)_지속예상기간,96.2963
활동제약상태(일상생활에서말을하거나듣고이해하는데어려움)_어려움정도코드,활동제약상태(일상생활에서말을하거나듣고이해하는데어려움)_어려움정도,97.2222
활동제약상태(일상생활에서말을하거나듣고이해하는데어려움)_지속예상기간코드,활동제약상태(일상생활에서말을하거나듣고이해하는데어려움)_지속예상기간,97.2973
