항목명,코드,코드의미 및 단위
가구번호,,
가구원번호,,
만연령,,
성별코드,1,남
성별코드,2,여
가구주관계코드,1,가구주
가구주관계코드,2,배우자
가구주관계코드,3,미혼자녀
가구주관계코드,4,기혼자녀 및 그 배우자
가구주관계코드,5,손자녀 및 그 배우자
가구주관계코드,6,부모(배우자쪽 포함)
가구주관계코드,7,조부모(배우자쪽 포함)
가구주관계코드,8,미혼 형제.자매
가구주관계코드,9,기타 친.인척
가구주관계코드,10,기타 동거인
교육정도코드,0,무학
교육정도코드,1,초등학교
교육정도코드,2,중학교
교육정도코드,3,고등학교
교육정도코드,4,대학(4년제 미만)
교육정도코드,5,대학교(4년제 이상)
교육정도코드,6,대학원 석사과정
교육정도코드,7,대학원 박사 과정
재학상태코드,1,졸업
재학상태코드,2,재학
재학상태코드,3,수료
재학상태코드,4,휴학
재학상태코드,5,중퇴
재학학년코드,1,1학년
재학학년코드,2,2학년
재학학년코드,3,3학년
재학학년코드,4,4학년
재학학년코드,5,5학년
재학학년코드,6,6학년
혼인상태코드,1,미혼
혼인상태코드,2,배우자 있음
혼인상태코드,3,동거
혼인상태코드,4,사별
혼인상태코드,5,이혼
혼인상태코드,6,별거
장애인복지카드소유여부,1,가지고 있다
장애인복지카드소유여부,2,가지고 있지 않다
성취만족도코드,1,매우만족
성취만족도코드,2,약간만족
성취만족도코드,3,보통
성취만족도코드,4,약간불만족
성취만족도코드,5,매우불만족
주관적만족감코드,1,매우만족
주관적만족감코드,2,약간만족
주관적만족감코드,3,보통
주관적만족감코드,4,약간불만족
주관적만족감코드,5,매우불만족
생활여건변화_보건의료서비스코드,1,매우 좋아짐
생활여건변화_보건의료서비스코드,2,약간 좋아짐
생활여건변화_보건의료서비스코드,3,변화 없음
생활여건변화_보건의료서비스코드,4,약간 나빠짐
생활여건변화_보건의료서비스코드,5,매우 나빠짐
생활여건변화_사회보장제도코드,,[보건 의료 서비스] 코드 참조
생활여건변화_문화여가생활여건코드,,[보건 의료 서비스] 코드 참조
생활여건변화_전반적생활여건코드,,[보건 의료 서비스] 코드 참조
사회보험료부담인식_건강보험납부여부,1,납부한다
사회보험료부담인식_건강보험납부여부,2,납부하지 않는다
사회보험료부담인식_건강보험납부여부,1,매우 부담됨
사회보험료부담인식_건강보험납부여부,2,약간 부담됨
사회보험료부담인식_건강보험납부여부,3,보통임
사회보험료부담인식_건강보험납부여부,4,별로 부담 안 됨
사회보험료부담인식_건강보험납부여부,5,전혀 부담 안 됨
사회보험료부담인식_국민연금납부여부,,[건강보험 납부여부] 코드 참조
사회보험료부담인식_국민연금부담정도코드,,[건강보험 부담정도] 코드 참조
사회보험료부담인식_고용보험납부여부,,[건강보험 납부여부] 코드 참조
사회보험료부담인식_고용보험부담정도코드,,[건강보험 부담정도] 코드 참조
향후추가대상공공시설_1순위코드,1,국공립 어린이집 및 유치원
향후추가대상공공시설_1순위코드,2,"공원, 녹지, 산책로"
향후추가대상공공시설_1순위코드,3,"보건의료시설(공공병원, 보건소 등)"
향후추가대상공공시설_1순위코드,4,사회복지시설(장애인·노인복지시설 등)
향후추가대상공공시설_1순위코드,5,공영주차시설
향후추가대상공공시설_1순위코드,6,문화예술회관(시민회관 등)
향후추가대상공공시설_1순위코드,7,도서관
향후추가대상공공시설_1순위코드,8,체육시설 및 경기장
향후추가대상공공시설_1순위코드,9,기타(   )
향후추가대상공공시설_2순위코드,,향후 늘려야 할 공공시설[1순위] 코드 참조
향후추가대상공공시설_3순위코드,,향후 늘려야 할 공공시설[1순위] 코드 참조
향후추가대상복지서비스_1순위코드,1,고용(취업) 지원 서비스
향후추가대상복지서비스_1순위코드,2,소득 지원 서비스
향후추가대상복지서비스_1순위코드,3,주거 관련 서비스
향후추가대상복지서비스_1순위코드,4,안전 관련 서비스
향후추가대상복지서비스_1순위코드,5,보건의료·건강관리 서비스
향후추가대상복지서비스_1순위코드,6,보육 및 교육 관련 서비스
향후추가대상복지서비스_1순위코드,7,여가·문화 향유 지원 서비스
향후추가대상복지서비스_1순위코드,8,기타 (   )
향후추가대상복지서비스_2순위코드,,향후 늘려야 할 복지서비스[1순위] 코드 참조
향후추가대상복지서비스_3순위코드,,향후 늘려야 할 복지서비스[1순위] 코드 참조
선호장례방법코드,1,매장(묘지)
선호장례방법코드,2,"화장 후 봉안(납골당, 납골묘 등)"
선호장례방법코드,3,"화장 후 자연장(수목장, 잔디장 등)"
선호장례방법코드,4,기타(  )
장애인유대관계여부,1,있다
장애인유대관계여부,2,없다
장애인유대관계대상_1순위코드,1,가족
장애인유대관계대상_1순위코드,2,친척
장애인유대관계대상_1순위코드,3,직장 동료
장애인유대관계대상_1순위코드,4,"친구, 이웃"
장애인유대관계대상_1순위코드,5,"동호회(동아리, 모임 등)"
장애인유대관계대상_1순위코드,6,기타
장애인유대관계대상_2순위코드,,장애인 접촉 여부 및 대상[접촉대상[1순위] 코드 참조
장애인유대관계대상_3순위코드,,장애인 접촉 여부 및 대상[접촉대상[1순위] 코드 참조
장애구분인지여부,1,매우 잘 알고 있음
장애구분인지여부,2,조금 알고 있음
장애구분인지여부,3,잘 모름
사회장애인차별정도코드,4,전혀 모름
장애구분인지여부,1,전혀 없다
장애구분인지여부,2,별로 없다
장애구분인지여부,3,조금있다
장애구분인지여부,4,많이 있다
장애인관련시설견해코드,1,전혀반대하지 않음
장애인관련시설견해코드,2,반대하지 않음
장애인관련시설견해코드,3,약간 반대
장애인관련시설견해코드,4,매우 반대
장애인복지사업견해코드,1,계속확대하여야 한다
장애인복지사업견해코드,2,재원이 허락한다면 확대하여야 한다
장애인복지사업견해코드,3,충분하다
장애인복지사업견해코드,4,잘 모르겠다
우선실시장애인복지사업_1순위코드,1,연금·수당 지원 서비스
우선실시장애인복지사업_1순위코드,2,보육·교육 지원 서비스
우선실시장애인복지사업_1순위코드,3,의료 및 재활 지원 서비스
우선실시장애인복지사업_1순위코드,4,생활 서비스
우선실시장애인복지사업_1순위코드,5,일자리 및 자립자금 지원 서비스
우선실시장애인복지사업_1순위코드,6,각종 요금 할인·감면 및 세제 혜택 서비스
우선실시장애인복지사업_1순위코드,7,문화·예술 행사 참여 지원 서비스
우선실시장애인복지사업_1순위코드,8,장애인을 이해하고 포용하는 사회 분위기 조성
우선실시장애인복지사업_1순위코드,9,기타(    )
우선실시장애인복지사업_2순위코드,,우선적으로 실시해야 할 장애인 복지사업[1순위] 코드 참조
우선실시장애인복지사업_3순위코드,,우선적으로 실시해야 할 장애인 복지사업[1순위] 코드 참조
노후준비방법_본인노후준비여부,1,준비하고(되어) 있다
노후준비방법_본인노후준비여부,2,준비하고(되어) 있지 않다
노후준비방법_주된방법코드,1,국민연금
노후준비방법_주된방법코드,2,"기타 공적 연금(공무원, 군인, 교원)"
노후준비방법_주된방법코드,3,"사적 연금(은행, 보험회사 등을 통한 개인연금)"
노후준비방법_주된방법코드,4,"퇴직급여(퇴직금, 퇴직연금)"
노후준비방법_주된방법코드,5,"예금, 적금, 저축성 보험"
노후준비방법_주된방법코드,6,부동산 운용
노후준비방법_주된방법코드,7,"주식, 채권 등"
노후준비방법_주된방법코드,8,기타(    )
노후준비방법_부수적방법코드,,노후 준비방법_주된 것 코드 참조
노후준비방법_노후미준비사유코드,1,아직 생각하고 있지 않다
노후준비방법_노후미준비사유코드,2,앞으로 준비할 계획이다
노후준비방법_노후미준비사유코드,3,준비할 능력이 없다
노후준비방법_노후미준비사유코드,4,자녀에게 의탁한다
노후준비방법_노후미준비사유코드,5,기타
노후사회적관심사코드,1,노후 소득 지원
노후사회적관심사코드,2,노후 취업 지원
노후사회적관심사코드,3,요양 보호 서비스
노후사회적관심사코드,4,문화·여가 복지 서비스
노후사회적관심사코드,5,세대 간 이해 증진을 위한 교육 및 홍보
노후사회적관심사코드,6,교통 및 주거 환경 조성
노후사회적관심사코드,7,기타(   )
노후희망활동코드,1,취미 활동
노후희망활동코드,2,학습 및 자아 개발 활동
노후희망활동코드,3,자원봉사 활동
노후희망활동코드,4,종교 활동
노후희망활동코드,5,소득 창출 활동
노후희망활동코드,6,기타(   )
생활비마련방법코드,1,본인 및 배우자 부담
생활비마련방법코드,2,자녀 또는 친척 지원
생활비마련방법코드,3,정부 및 사회단체(정부 보조 등)
생활비마련방법코드,4,기타(    )
생활비마련방법_본인배우자부담코드,1,근로소득 및 사업소득
생활비마련방법_본인배우자부담코드,2,"재산소득(이자, 임대소득, 배당소득 등)"
생활비마련방법_본인배우자부담코드,3,"연금(개인연금 포함), 퇴직급여"
생활비마련방법_본인배우자부담코드,4,예금(적금)
생활비마련방법_본인배우자부담코드,5,기타(    )
현재자녀동거여부,1,같이 살고 있다
현재자녀동거여부,2,같이 살고 있지 않다
현재자녀동거사유_1순위코드,1,"본인의 독립생활(수입, 건강 등)이 불가능하므로"
현재자녀동거사유_1순위코드,2,자녀의 독립생활이 불가능하므로(경제적·건강상이유로)
현재자녀동거사유_1순위코드,3,손자·손녀의 양육 및 자녀의 기타 가사를 돕기 위해
현재자녀동거사유_1순위코드,4,모두 독립생활이 가능하지만 같이 살고 싶어서
현재자녀동거사유_1순위코드,5,자녀가 학생 또는 미성년자이므로
현재자녀동거사유_1순위코드,6,기타(    )
현재자녀동거사유_2순위코드,,현재 자녀와 동거 이유[1순위] 코드 참조
현재자녀동거사유_3순위코드,,현재 자녀와 동거 이유[1순위] 코드 참조
현재자녀비동거사유_1순위코드,1,"독립생활(수입, 건강 등)이 가능하므로"
현재자녀비동거사유_1순위코드,2,자녀에게 부담이 될까 봐
현재자녀비동거사유_1순위코드,3,따로 사는 것이 편해서
현재자녀비동거사유_1순위코드,4,"자녀의 직장, 학업 때문에"
현재자녀비동거사유_1순위코드,5,"자녀(며느리, 사위포함)와의 관계가 불편하여"
현재자녀비동거사유_1순위코드,6,기타(    )
현재자녀비동거사유_2순위코드,,현재 자녀와 동거하지 않는 이유[1순위] 코드 참조
현재자녀비동거사유_3순위코드,,현재 자녀와 동거하지 않는 이유[1순위] 코드 참조
향후자녀동거의향여부,1,같이 살고 싶다
향후자녀동거의향여부,2,같이 살고 싶지 않다
향후희망거처코드,1,자기집
향후희망거처코드,2,양로·요양 시설
향후희망거처코드,3,기타(    )
개인적인간관계만족도코드,1,매우만족
개인적인간관계만족도코드,2,약간만족
개인적인간관계만족도코드,3,보통
개인적인간관계만족도코드,4,약간불만족
개인적인간관계만족도코드,5,매우불만족
사회적관계망_가사도움요청대상유무,1,있다
사회적관계망_가사도움요청대상유무,2,없다
사회적관계망_가사도움요청대상인원수,,
사회적관계망_자금차입도움요청대상유무,,[몸이 아파 집안일을 부탁해야 할 경우] 코드 참조
사회적관계망_자금차입도움요청대상인원수,,
사회적관계망_대화상대도움요청대상유무,,[몸이 아파 집안일을 부탁해야 할 경우] 코드 참조
사회적관계망_대화상대도움요청대상인원수,,
단체참여여부,1,있다
단체참여여부,2,없다
참여단체_1순위코드,1,"친목 및 사교 단체(계, 동창회 등)"
참여단체_1순위코드,2,"종교 단체(자비원, 선교회, 교리 연구회 등)"
참여단체_1순위코드,3,"취미, 스포츠 및 레저 단체"
참여단체_1순위코드,4,"시민 사회단체(환경 단체, 봉사 단체 등)"
참여단체_1순위코드,5,학술 단체
참여단체_1순위코드,6,"이익 단체(노조, 의사회, 약사회 등)"
참여단체_1순위코드,7,정치 단체
참여단체_1순위코드,8,"지역사회 모임(반상회, 입주자 대표회 등)"
참여단체_1순위코드,9,기타(      )
참여단체_2순위코드,,참여한 단체[1순위] 코드 참조
참여단체_3순위코드,,참여한 단체[1순위] 코드 참조
기부여부,1,기부한적 있음
기부여부,2,기부한적 없음
기부종류코드,1,현금만 기부
기부종류코드,2,물품만 기부
기부종류코드,3,현금과 물품 모두 기부
미기부사유코드,1,경제적 여유가 없어서
미기부사유코드,2,기부에 대한 관심이 없어서
미기부사유코드,3,기부 방법을 몰라서
미기부사유코드,4,기부 단체 등을 신뢰할 수 없어서
미기부사유코드,5,직접적인 요청을 받은 적이 없어서
미기부사유코드,6,기타(     )
현금기부_주기성여부,1,있다
현금기부_주기성여부,2,없다
정기기부_현금기부여부,1,월단위
정기기부_현금기부여부,2,분기(3개월)단위
정기기부_현금기부여부,3,반기(6개월)단위
정기기부_현금기부여부,4,기타(    )
정기기부_물품기부여부,,기부의 주기성[현금기부] 코드참조
정기기부_물품기부_주기코드,,기부의 주기성[현금기부] 코드참조
기부내용_대상자직접후원_현금횟수,,
기부내용_대상자직접후원_현금금액,,
기부내용_언론기관후원_현금횟수,,
기부내용_언론기관후원_현금금액,,
기부내용_모금단체후원_현금횟수,,
기부내용_모금단체후원_현금금액,,
기부내용_종교단체후원_현금횟수,,
기부내용_종교단체후원_현금금액,,
기부내용_직장기업후원_현금횟수,,
기부내용_직장기업후원_현금금액,,
기부내용_기타_현금횟수,,
기부내용_기타_현금금액,,
기부내용_물품횟수,,
기부희망분야_1순위코드,1,사회복지 분야
기부희망분야_1순위코드,2,의료 분야
기부희망분야_1순위코드,3,해외 구호 활동 분야
기부희망분야_1순위코드,4,지역사회 발전 분야(지역도서관 건립 등)
기부희망분야_1순위코드,5,공익 활동 분야(환경운동연합 등)
기부희망분야_1순위코드,6,교육 및 연구 활동 분야(학교 등)
기부희망분야_1순위코드,7,문화 및 예술 분야
기부희망분야_1순위코드,8,기타(    )
기부희망분야_2순위코드,,기부 희망 분야[1순위] 코드 참조
기부희망분야_3순위코드,,기부 희망 분야[1순위] 코드 참조
기부문화확산_1순위코드,1,사회 지도층과 부유층의 모범적 기부 확대
기부문화확산_1순위코드,2,"나눔 교육, 대중 캠페인 등을 통한 나눔에 대한 인식 개선"
기부문화확산_1순위코드,3,기부 단체의 자금 운영 투명성 강화
기부문화확산_1순위코드,4,소득공제 확대 등 정부 지원 강화
기부문화확산_1순위코드,5,기부 방법의 편리성 증대
기부문화확산_1순위코드,6,"경조금 기부, 유산 기부 등 다양한 기부 방법 홍보"
기부문화확산_1순위코드,7,기타(    )
기부문화확산_2순위코드,,기부 문화 확산[1순위] 코드 참조
기부문화확산_3순위코드,,기부 문화 확산[1순위] 코드 참조
향후기부의사여부,1,있다
향후기부의사여부,2,없다
자원봉사활동여부,1,있다
자원봉사활동여부,2,없다
자원봉사_아동청소년노인장애인재소자관련횟수,,
자원봉사_아동청소년노인장애인재소자관련시간수,,
자원봉사활동_환경보전범죄예방관련횟수,,
자원봉사활동_환경보전범죄예방관련시간수,,
자원봉사활동_자녀교육관련횟수,,
자원봉사활동_자녀교육관련시간수,,
자원봉사활동_국가지역행사관련횟수,,
자원봉사활동_국가지역행사관련시간수,,
자원봉사활동_재해지역주민돕기시설복구관련횟수,,
자원봉사활동_재해지역주민돕기시설복구관련시간수,,
자원봉사활동_기타일반봉사관련횟수,,
자원봉사활동_기타일반봉사관련시간수,,
자원봉사활동주기성여부,1,있다
자원봉사활동주기성여부,2,없다
자원봉사활동주기성코드,1,주 단위
자원봉사활동주기성코드,2,월 단위
자원봉사활동주기성코드,3,분기 단위
자원봉사활동주기성코드,4,반기 단위
자원봉사활동주기성코드,5,기타(     )
향후자원봉사활동의사여부,1,있다
향후자원봉사활동의사여부,2,없다
계층의식코드,11,상상
계층의식코드,12,상하
계층의식코드,21,중상
계층의식코드,22,중하
계층의식코드,31,하상
계층의식코드,32,하하
본인세대계층이동코드,1,매우 높다
본인세대계층이동코드,2,비교적 높다
본인세대계층이동코드,3,비교적 낮다
본인세대계층이동코드,4,매우 낮다
본인세대계층이동코드,5,모르겠다
자식세대계층이동코드,1,매우 높다
자식세대계층이동코드,2,비교적 높다
자식세대계층이동코드,3,비교적 낮다
자식세대계층이동코드,4,매우 낮다
자식세대계층이동코드,5,모르겠다
신문_일반신문구독여부,1,있다
신문_일반신문구독여부,2,없다
신문_일반신문구독주기코드,1,거의 매일
신문_일반신문구독주기코드,2,1주일에 3~4회
신문_일반신문구독주기코드,3,1주일에 1~2회
신문_일반신문구독주기코드,4,2주일에 1회
신문_인터넷신문구독여부,,신문[일반신문] 코드 참조
신문_인터넷신문구독주기코드,,신문[일반신문] 코드 참조
독서여부,1,있다
독서여부,2,없다
독서_잡지류권수,,
독서_교양서적권수,,
독서_직업직무관련서적권수,,
독서_생활취미정보서적권수,,
독서_기타권수,,
문화예술스포츠관람여부,1,있다
문화예술스포츠관람여부,2,없다
문화예술스포츠관람_음악연주회횟수,,
문화예술스포츠관람_연극마당극뮤지컬횟수,,
문화예술스포츠관람_무용횟수,,
문화예술스포츠관람_영화횟수,,
문화예술스포츠관람_박물관횟수,,
문화예술스포츠관람_미술관횟수,,
문화예술스포츠관람_스포츠횟수,,
문화예술스포츠관람_기타횟수,,
레저시설이용횟수,1,있다
레저시설이용횟수,2,없다
레저시설_관광명소유적지국립공원이용횟수,,
레저시설_온천장스파이용횟수,,
레저시설_골프장이용횟수,,
레저시설_스키장이용횟수,,
레저시설_해수욕장이용횟수,,
레저시설_산림욕장휴양림이용횟수,,
레저시설_놀이공원이용횟수,,
레저시설_수영장워터파크포함이용횟수,,
레저시설_기타이용횟수,,
국내관광여행경험여부,1,있다
국내관광여행경험여부,2,없다
국내관광여행_숙박여행횟수,,
국내관광여행_숙박여행1회평균숙박일수,,
국내관광여행_당일여행횟수,,
해외여행경험여부,1,있다
해외여행경험여부,2,없다
해외여행경험_관광횟수,,
해외여행경험_가족친지관련횟수,,
해외여행경험_업무횟수,,
해외여행경험_교육횟수,,
주중여가활용_1순위코드,1,"TV시청(유선방송, IPTV, DVD(비디오) 시청 등)"
주중여가활용_1순위코드,2,"문화 예술 관람(연극, 영화, 음악연주회, 미술전시회 등)"
주중여가활용_1순위코드,3,"문화 예술 참여(독서 토론, 미술 활동, 악기 연주, 사진 촬영 등)"
주중여가활용_1순위코드,4,스포츠 관람
주중여가활용_1순위코드,5,"스포츠 활동(축구, 테니스, 골프, 당구, 체조, 승마 등)"
주중여가활용_1순위코드,6,"관광(국내·해외 여행, 캠핑 등)"
주중여가활용_1순위코드,7,"컴퓨터 게임, 인터넷 검색 등"
주중여가활용_1순위코드,8,"취미·자기개발 활동(요리, 독서,기술·자격증 취득 공부 등)"
주중여가활용_1순위코드,9,"휴식 활동(수면, 사우나 등)"
주중여가활용_1순위코드,10,"사회 및 기타 활동(봉사 활동, 종교 활동, 사교 활동 등)"
주중여가활용_1순위코드,11,기타(    )
주중여가활용_2순위코드,,주중의 여가 활용[1순위] 코드 참조
주중여가활용_3순위코드,,주중의 여가 활용[1순위] 코드 참조
주말휴일여가활용_1순위코드,1,"TV시청(유선방송, IPTV, DVD(비디오) 시청 등)"
주말휴일여가활용_1순위코드,2,"문화 예술 관람(연극, 영화, 음악연주회, 미술전시회 등)"
주말휴일여가활용_1순위코드,3,"문화 예술 참여(독서 토론, 미술 활동, 악기 연주, 사진 촬영 등)"
주말휴일여가활용_1순위코드,4,스포츠 관람
주말휴일여가활용_1순위코드,5,"스포츠 활동(축구, 테니스, 골프, 당구, 체조, 승마 등)"
주말휴일여가활용_1순위코드,6,"관광(국내·해외 여행, 캠핑 등)"
주말휴일여가활용_1순위코드,7,"컴퓨터 게임, 인터넷 검색 등"
주말휴일여가활용_1순위코드,8,"취미·자기개발 활동(요리, 독서,기술·자격증 취득 공부 등)"
주말휴일여가활용_1순위코드,9,"휴식 활동(수면, 사우나 등)"
주말휴일여가활용_1순위코드,10,"사회 및 기타 활동(봉사 활동, 종교 활동, 사교 활동 등)"
주말휴일여가활용_1순위코드,11,기타(    )
주말휴일여가활용_2순위코드,,주말(휴일포함)의 여가 활용[1순위] 코드 참조
주말휴일여가활용_3순위코드,,주말(휴일포함)의 여가 활용[1순위] 코드 참조
주중여가활동_동반자코드,1,가족과 함께
주중여가활동_동반자코드,2,친구(연인 포함)와 함께
주중여가활동_동반자코드,3,동호회(종교 단체 등 포함) 활동을 통해서
주중여가활동_동반자코드,4,혼자서
주중여가활동_동반자코드,5,직장 동료와 함께 
주중여가활동_동반자코드,6,기타(    )
주말여가활동_동반자코드,1,가족과 함께
주말여가활동_동반자코드,2,친구(연인 포함)와 함께
주말여가활동_동반자코드,3,동호회(종교 단체 등 포함) 활동을 통해서
주말여가활동_동반자코드,4,혼자서
주말여가활동_동반자코드,5,직장 동료와 함께 
주말여가활동_동반자코드,6,기타(    )
여가활용_만족도코드,1,매우 만족
여가활용_만족도코드,2,약간 만족
여가활용_만족도코드,3,보통
여가활용_만족도코드,4,약간 불만족
여가활용_만족도코드,5,매우 불만족
여가활용_불만족사유코드,1,경제적 부담 때문에
여가활용_불만족사유코드,2,시간이 부족해서
여가활용_불만족사유코드,3,교통 혼잡 및 이용 교통수단이 불편해서
여가활용_불만족사유코드,4,여가 시설이 부족해서
여가활용_불만족사유코드,5,여가 정보 및 프로그램이 부족해서
여가활용_불만족사유코드,6,적당한 취미가 없어서
여가활용_불만족사유코드,7,체력이나 건강이 좋지 않아서
여가활용_불만족사유코드,8,여가를 함께 즐길 사람이 없어서
여가활용_불만족사유코드,9,기타(   )
향후희망여가활동_1순위코드,1,"TV시청(유선방송, IPTV, DVD(비디오) 시청 등)"
향후희망여가활동_1순위코드,2,"문화 예술 관람(연극, 영화, 음악연주회, 미술전시회 등)"
향후희망여가활동_1순위코드,3,"문화 예술 참여(독서 토론, 미술 활동, 악기 연주, 사진 촬영 등)"
향후희망여가활동_1순위코드,4,스포츠 관람
향후희망여가활동_1순위코드,5,"스포츠 활동(축구, 테니스, 골프, 당구, 체조, 승마 등)"
향후희망여가활동_1순위코드,6,"관광 활동(국내·해외 여행, 캠핑 등)"
향후희망여가활동_1순위코드,7,"컴퓨터 게임, 인터넷 검색 등"
향후희망여가활동_1순위코드,8,"취미·자기개발 활동(요리, 독서,기술·자격증 취득 공부 등)"
향후희망여가활동_1순위코드,9,"휴식 활동(수면, 사우나 등)"
향후희망여가활동_1순위코드,10,"사회 및 기타 활동(봉사 활동, 종교 활동, 사교 활동 등)"
향후희망여가활동_1순위코드,11,기타(    )
향후희망여가활동_2순위코드,,앞으로 하고 싶은 여가 활동[1순위] 코드 참조
향후희망여가활동_3순위코드,,앞으로 하고 싶은 여가 활동[1순위] 코드 참조
주관적소득수준코드,1,매우 여유 있음
주관적소득수준코드,2,약간 여유 있음
주관적소득수준코드,3,적정함
주관적소득수준코드,4,약간 모자람
주관적소득수준코드,5,매우 모자람
소득변화코드,1,크게 증가
소득변화코드,2,약간 증가
소득변화코드,3,동일
소득변화코드,4,약간 감소
소득변화코드,5,크게 감소
부채변화코드,,소득의 변화 코드 참조
내년가구재정상태코드,1,매우 좋아질 것임
내년가구재정상태코드,2,약간 좋아질 것임
내년가구재정상태코드,3,변화 없을 것임
내년가구재정상태코드,4,약간 나빠질 것임
내년가구재정상태코드,5,매우 나빠질 것임
긴축소비지출항목_1순위코드,1,식료품비
긴축소비지출항목_1순위코드,2,외식비
긴축소비지출항목_1순위코드,3,의료비
긴축소비지출항목_1순위코드,4,교육비
긴축소비지출항목_1순위코드,5,교통·통신비(차량 유지비 포함)
긴축소비지출항목_1순위코드,6,문화·여가비
긴축소비지출항목_1순위코드,7,보건·의료비
긴축소비지출항목_1순위코드,8,연료비(전기·가스 등)
긴축소비지출항목_1순위코드,9,경조사비
긴축소비지출항목_1순위코드,10,기타(    )
긴축소비지출항목_2순위코드,,긴축 소비 지출 항목[1순위] 코드 참조
긴축소비지출항목_3순위코드,,긴축 소비 지출 항목[1순위] 코드 참조
현재소득여부,1,있다
현재소득여부,2,없다
소득만족도코드,1,매우 만족
소득만족도코드,2,약간 만족
소득만족도코드,3,보통
소득만족도코드,4,약간 불만족
소득만족도코드,5,매우 불만족
소비생활만족도코드,1,매우 만족
소비생활만족도코드,2,약간 만족
소비생활만족도코드,3,보통
소비생활만족도코드,4,약간 불만족
소비생활만족도코드,5,매우 불만족
직업선택요인_1순위코드,1,명예·명성
직업선택요인_1순위코드,2,안정성
직업선택요인_1순위코드,3,수입
직업선택요인_1순위코드,4,적성·흥미
직업선택요인_1순위코드,5,보람·자아 성취
직업선택요인_1순위코드,6,발전성·장래성
직업선택요인_1순위코드,7,기타(     )
직업선택요인_1순위코드,8,잘 모르겠다
직업선택요인_2순위코드,,직업 선택 요인[1순위] 코드 참조
직업선택요인_3순위코드,,직업 선택 요인[1순위] 코드 참조
청년선호직장코드,1,국가기관
청년선호직장코드,2,"공기업(공사, 공단)"
청년선호직장코드,3,대기업
청년선호직장코드,4,벤처기업
청년선호직장코드,5,외국계 기업
청년선호직장코드,6,전문직 기업(법률 회사 등)
청년선호직장코드,7,중소기업(벤저기업 제외)
청년선호직장코드,8,해외 취업
청년선호직장코드,9,자영업(창업 등)
청년선호직장코드,10,기타(     )
여성취업견해코드,1,직업을 가지는 것이 좋다
여성취업견해코드,2,취업보다 가정 일에 전념하는 것이 더 중요하다
여성취업견해코드,3,잘 모르겠다
여성취업시기코드,1,결혼 전까지만
여성취업시기코드,2,첫 자녀 출산 전까지만
여성취업시기코드,3,자녀가 성장한 후
여성취업시기코드,4,출산 전과 자녀 성장 후
여성취업시기코드,5,가정 일에 관계없이 계속 취업
여성취업장애요인_1순위코드,1,여성에 대한 사회적 편견 및 차별적 관행
여성취업장애요인_1순위코드,2,여성의 직업의식 및 책임감 부족
여성취업장애요인_1순위코드,3,"불평등한 근로 여건(채용, 임금 등)"
여성취업장애요인_1순위코드,4,일에 대한 여성의 능력 부족
여성취업장애요인_1순위코드,5,구인 정보 부족
여성취업장애요인_1순위코드,6,육아 부담
여성취업장애요인_1순위코드,7,가족 돌봄(육아 제외)
여성취업장애요인_1순위코드,8,가사 부담
여성취업장애요인_1순위코드,9,기타(    )
여성취업장애요인_1순위코드,10,잘 모르겠다
여성취업장애요인_2순위코드,,여성 취업 장애 요인[1순위] 코드 참조
여성취업장애요인_3순위코드,,여성 취업 장애 요인[1순위] 코드 참조
지난1주간경제활동여부,1,하였다
지난1주간경제활동여부,2,하지 않았다
일가정생활우선도코드,1,일을 우선시한다
일가정생활우선도코드,2,일을 우선시하는 편이다
일가정생활우선도코드,3,일과 가정생활 둘 다 비슷하다
일가정생활우선도코드,4,가정생활을 우선시하는 편이다
일가정생활우선도코드,5,가정생활을 우선시한다
고용안정성코드,1,매우 많이 느낀다
고용안정성코드,2,느끼는 편이다
고용안정성코드,3,느끼지 않는 편이다
고용안정성코드,4,전혀 느끼지 않는다
직장산업대분류코드,A,"농업, 임업, 어업"
직장산업대분류코드,B,광업
직장산업대분류코드,C,제조업
직장산업대분류코드,D,"전기, 가스, 증기 및 공기조절 공급업"
직장산업대분류코드,E,"수도, 하수 및 폐기물 처리, 원료 재생업"
직장산업대분류코드,F,건설업
직장산업대분류코드,G,도매 및 소매업
직장산업대분류코드,H,운수 및 창고업
직장산업대분류코드,I,숙박 및 음식점업
직장산업대분류코드,J,정보통신업
직장산업대분류코드,K,금융 및 보험업
직장산업대분류코드,L,부동산업
직장산업대분류코드,M,"전문, 과학 및 기술 서비스업"
직장산업대분류코드,N,"사업시설 관리,  사업지원 및 임대 서비스업"
직장산업대분류코드,O,"공공행정, 국방 및 사회보장 행정"
직장산업대분류코드,P,교육 서비스업
직장산업대분류코드,Q,보건업 및 사회복지 서비스업
직장산업대분류코드,R,"예술, 스포츠 및 여가관련 서비스업"
직장산업대분류코드,S,"협회 및 단체, 수리  및 기타 개인 서비스업"
직장산업대분류코드,T,가구내 고용활동 및 달리 분류되지 않은 자가소비 생산활동
직장산업대분류코드,U,국제 및 외국기관
직업대분류코드,1,관리자
직업대분류코드,2,전문가 및 관련 종사자
직업대분류코드,3,사무 종사자
직업대분류코드,4,서비스 종사자
직업대분류코드,5,판매 종사자
직업대분류코드,6,농림·어업 숙련?종사자
직업대분류코드,7,기능원 및 관련 기능 종사자
직업대분류코드,8,장치·기계조작 및 조립 종사자
직업대분류코드,9,단순노무 종사자
직업대분류코드,A,군인
종사상지위코드,1,임금근로자
종사상지위코드,2,고용원이 있는 자영업자
종사상지위코드,3,고용원이 없는 자영없자
종사상지위코드,4,무급가족종사자
임금근로자구분코드,1,상용근로자
임금근로자구분코드,2,임시근로자
임금근로자구분코드,3,일용근로자
일가정양립제도인지도_출산전후휴가제인지여부,1,알고 있다
일가정양립제도인지도_출산전후휴가제인지여부,2,모른다
일가정양립제도인지도_배우자출산휴가제인지여부,,일·가정 양립 제도 인지도[출산(전후)휴가제] 코드 참조
일가정양립제도인지도_육아휴직제인지여부,,일·가정 양립 제도 인지도[출산(전후)휴가제] 코드 참조
일가정양립제도인지도_육아기근로시간단축제인지여부,,일·가정 양립 제도 인지도[출산(전후)휴가제] 코드 참조
일가정양립제도인지도_직장보육지원인지여부,,일·가정 양립 제도 인지도[출산(전후)휴가제] 코드 참조
일가정양립제도인지도_가족돌봄휴직제인지여부,,일·가정 양립 제도 인지도[출산(전후)휴가제] 코드 참조
일가정양립제도인지도_유연근무제인지여부,,일·가정 양립 제도 인지도[출산(전후)휴가제] 코드 참조
근로여건만족도_업무코드,1,매우 만족
근로여건만족도_업무코드,2,약간 만족
근로여건만족도_업무코드,3,보통
근로여건만족도_업무코드,4,약간 불만족
근로여건만족도_업무코드,5,매우 불만족
근로여건만족도_업무코드,6,모르겠다
근로여건만족도_인사관리코드,1,매우 만족
근로여건만족도_인사관리코드,2,약간 만족
근로여건만족도_인사관리코드,3,보통
근로여건만족도_인사관리코드,4,약간 불만족
근로여건만족도_인사관리코드,5,매우 불만족
근로여건만족도_인사관리코드,6,모르겠다
근로여건만족도_인사관리코드,7,해당 없다
근로여건만족도_급여코드,,근로 여건 만족도[하는 일] 코드 참조
근로여건만족도_복리후생코드,,"근로 여건 만족도[인사관리(승진, 배치,이동)] 코드 참조"
근로여건만족도_장래성코드,,"근로 여건 만족도[인사관리(승진, 배치,이동)] 코드 참조"
근로여건만족도_근무환경코드,,근로 여건 만족도[하는 일] 코드 참조
근로여건만족도_인간관계코드,,"근로 여건 만족도[인사관리(승진, 배치,이동)] 코드 참조"
근로여건만족도_근로시간코드,,근로 여건 만족도[하는 일] 코드 참조
근로여건만족도_일가정양립직장문화코드,,"근로 여건 만족도[인사관리(승진, 배치,이동)] 코드 참조"
근로여건만족도_직장내폭력방지노력코드,,"근로 여건 만족도[인사관리(승진, 배치,이동)] 코드 참조"
근로여건만족도_직장내교육훈련기회코드,,"근로 여건 만족도[인사관리(승진, 배치,이동)] 코드 참조"
근로여건만족도_전반적일자리코드,1,매우 만족
근로여건만족도_전반적일자리코드,2,약간 만족
근로여건만족도_전반적일자리코드,3,보통
근로여건만족도_전반적일자리코드,4,약간 불만족
근로여건만족도_전반적일자리코드,5,매우 불만족
거처종류코드,1,단독주택
거처종류코드,2,아파트
거처종류코드,3,연립·다세대주택
거처종류코드,4,기타
점유형태코드,1,자기집이외
점유형태코드,2,전세
점유형태코드,3,보증금 있는 월세
점유형태코드,4,보증금 없는 월세(사글세)
점유형태코드,5,무상
배우자지난1주간경제활동여부,1,하였다
배우자지난1주간경제활동여부,2,하지 않았다
가구소득코드,1,100만원 미만
가구소득코드,2,100~200만원미만
가구소득코드,3,200~300만원미만
가구소득코드,4,300~400만원미만
가구소득코드,5,400~500만원미만
가구소득코드,6,500~600만원미만
가구소득코드,7,600~700만원미만
가구소득코드,8,700~800만원미만
가구소득코드,9,800만원이상
분류코드_만13세이상여부,1,만 13세이상
분류코드_만15세이상여부,2,만 15세이상
분류코드_동부읍면부구분코드,3,동부
분류코드_동부읍면부구분코드,4,읍면부
분류코드_성별코드,10,남자
분류코드_성별코드,20,여자
분류코드_점유형태1코드,31,자기집
분류코드_점유형태1코드,32,전세
분류코드_점유형태1코드,33,보증금있는월세
분류코드_점유형태1코드,34,보증금없는월세
분류코드_점유형태1코드,35,무상
분류코드_점유형태2코드,39,자기집 이외
분류코드_주택형태1코드,41,단독주택
분류코드_주택형태1코드,42,아파트
분류코드_주택형태1코드,43,연립·다세대주택
분류코드_주택형태1코드,44,기타
분류코드_주택형태2코드,49,기타_1
분류코드_세대구분코드,51,1인가구
분류코드_세대구분코드,52,1세대가구
분류코드_세대구분코드,53,2세대가구
분류코드_세대구분코드,54,3세대이상 가구
분류코드_세대구분코드,55,비혈연가구
분류코드_가구원수,61,1인
분류코드_가구원수,62,2인
분류코드_가구원수,63,3인
분류코드_가구원수,64,4인 이상
분류코드_연령1코드,1319,13∼19세
분류코드_연령1코드,2029,20∼29세
분류코드_연령1코드,3039,30∼39세
분류코드_연령1코드,4049,40∼49세
분류코드_연령1코드,5059,50∼59세
분류코드_연령1코드,6000,60세이상
분류코드_연령2코드,6500,65세이상
분류코드_연령3코드,1314,13~14세
분류코드_연령3코드,1519,15∼19세
분류코드_연령3코드,2024,20∼24세
분류코드_연령3코드,2529,25∼29세
분류코드_연령3코드,3034,30∼34세
분류코드_연령3코드,3539,35∼39세
분류코드_연령3코드,4044,40∼44세
분류코드_연령3코드,4549,45∼49세
분류코드_연령3코드,5054,50∼54세
분류코드_연령3코드,5559,55∼59세
분류코드_연령3코드,6064,60∼64세
분류코드_연령3코드,6569,65~69세
분류코드_연령3코드,7074,70~74세
분류코드_연령3코드,7579,75~79세
분류코드_연령3코드,8000,80세이상
분류코드_연령4코드,6069,60~69세
분류코드_연령4코드,7079,70~79세
분류코드_연령5코드,7000,70세이상
분류코드_연령6코드,1324,13∼24세
분류코드_연령7코드,1318,13∼18세
분류코드_연령7코드,1924,19∼24세
분류코드_연령8코드,1524,15∼24세
분류코드_연령9코드,1518,15∼18세
분류코드_연령9코드,1924,19∼24세
분류코드_연령10코드,1329,13∼29세
분류코드_연령11코드,1529,15∼29세
분류코드_연령12코드,1929,19∼29세
분류코드_연령13코드,3000,30세이상
분류코드_교육정도코드,71,초졸이하
분류코드_교육정도코드,72,중졸
분류코드_교육정도코드,73,고졸
분류코드_교육정도코드,74,대졸이상
분류코드_혼인상태코드,110,미? 혼
분류코드_혼인상태코드,120,배우자 있음
분류코드_혼인상태코드,130,사? 별
분류코드_혼인상태코드,140,이? 혼
분류코드_경제활동여부,150,취업
분류코드_경제활동여부,160,실업 및 비경제활동
분류코드_맞벌이1여부,210,맞벌이
분류코드_맞벌이1여부,220,비맞벌이
분류코드_맞벌이2여부,211,동거 맞벌이
분류코드_맞벌이2여부,212,비동거 맞벌이
분류코드_맞벌이2여부,213,홑벌이
분류코드_맞벌이2여부,214,기타
분류코드_직장산업대분류코드,310,농림어업
분류코드_직장산업대분류코드,320,광공업
분류코드_직장산업대분류코드,330,"사회간접자본, 기타서비스업"
분류코드_직업대분류코드,340,전문관리
분류코드_직업대분류코드,350,사? 무
분류코드_직업대분류코드,360,서비스판매
분류코드_직업대분류코드,370,농어업
분류코드_직업대분류코드,380,기능노무
분류코드_직업대분류코드,390,기  타
분류코드_종사자지위코드,410,임금봉급생활자
분류코드_종사자지위코드,420,고용주
분류코드_종사자지위코드,430,자영자
분류코드_종사자지위코드,440,무급가족종사자
분류코드_임금근로자구분코드,411,상용근로자
분류코드_임금근로자구분코드,412,임시근로자
분류코드_임금근로자구분코드,413,일용근로자
분류코드_주관적만족감코드,510,만족
분류코드_주관적만족감코드,520,보통
분류코드_주관적만족감코드,530,불만족
분류코드_가구소득1코드,610,100만원 미만
분류코드_가구소득1코드,620,100∼200만원 미만
분류코드_가구소득1코드,630,200∼300만원 미만
분류코드_가구소득1코드,640,300∼400만원 미만
분류코드_가구소득1코드,650,400~500만원 미만
분류코드_가구소득1코드,660,500∼600만원 미만
분류코드_가구소득1코드,678,600만원 이상
분류코드_가구소득2코드,670,600∼700만원 미만
분류코드_가구소득2코드,680,700만원 이상
분류코드_가구소득3코드,690,700~800만원 미만
분류코드_가구소득3코드,700,800만원 이상
분류코드_연령성별1코드,1324M,13~24세*남자
분류코드_연령성별1코드,1324W,13~24세*여자
분류코드_연령성별2코드,1524M,15~24세*남자
분류코드_연령성별2코드,1524W,15~24세*여자
분류코드_연령성별3코드,1329M,13~29세*남자
분류코드_연령성별3코드,1329W,13~29세*여자
분류코드_연령성별4코드,1529M,15~29세*남자
분류코드_연령성별4코드,1529W,15~29세*여자
분류코드_연령성별5코드,1519M,15~19세*남자
분류코드_연령성별5코드,1519W,15~19세*여자
분류코드_연령성별5코드,2024M,20~24세*남자
분류코드_연령성별5코드,2024W,20~24세*여자
분류코드_연령성별6코드,1318M,13~18세*남자
분류코드_연령성별6코드,1318W,13~18세*여자
분류코드_연령성별6코드,1924M,19~24세*남자
분류코드_연령성별6코드,1924W,19~24세*여자
분류코드_연령성별7코드,1518M,15~18세*남자
분류코드_연령성별7코드,1518W,15~18세*여자
분류코드_연령성별7코드,1929M,19∼29세*남자
분류코드_연령성별7코드,1929W,19∼29세*여자
분류코드_연령성별8코드,1319M,13~19세*남자
분류코드_연령성별8코드,1319W,13~19세*여자
분류코드_연령성별8코드,2029M,20∼29세*남자
분류코드_연령성별8코드,2029W,20∼29세*여자
분류코드_연령성별8코드,3039M,30∼39세*남자
분류코드_연령성별8코드,3039W,30∼39세*여자
분류코드_연령성별8코드,4049M,40∼49세*남자
분류코드_연령성별8코드,4049W,40∼49세*여자
분류코드_연령성별8코드,5059M,50∼59세*남자
분류코드_연령성별8코드,5059W,50∼59세*여자
분류코드_연령성별8코드,6000M,60세 이상*남자
분류코드_연령성별8코드,6000W,60세 이상*여자
분류코드_연령성별9코드,6500M,65세 이상*남자
분류코드_연령성별9코드,6500W,65세 이상*여자
분류코드_연령교육정도1코드,2029E,20∼29세*중졸이하
분류코드_연령교육정도1코드,2029H,20∼29세*고졸
분류코드_연령교육정도1코드,2029U,20∼29세*대졸이상
분류코드_연령교육정도1코드,3039E,30∼39세*중졸이하
분류코드_연령교육정도1코드,3039H,30∼39세*고졸
분류코드_연령교육정도1코드,3039U,30∼39세*대졸이상
분류코드_연령교육정도1코드,4049E,40∼49세*중졸이하
분류코드_연령교육정도1코드,4049H,40∼49세*고졸
분류코드_연령교육정도1코드,4049U,40∼49세*대졸이상
분류코드_연령교육정도1코드,5059E,50∼59세*중졸이하
분류코드_연령교육정도1코드,5059H,50∼59세*고졸
분류코드_연령교육정도1코드,5059U,50∼59세*대졸이상
분류코드_연령교육정도1코드,6000E,60세 이상*중졸이하
분류코드_연령교육정도1코드,6000H,60세 이상*고졸
분류코드_연령교육정도1코드,6000U,60세 이상*대졸이상
분류코드_연령교육정도2코드,6500E,65세 이상*중졸이하
분류코드_연령교육정도2코드,6500H,65세 이상*고졸
분류코드_연령교육정도2코드,6500U,65세 이상*대졸이상
분류코드_연령교육정도3코드,1329E,13~29세*중졸이하
분류코드_연령교육정도3코드,1329H,13~29세*고졸
분류코드_연령교육정도3코드,1329U,13~29세*대졸이상
분류코드_연령교육정도4코드,1529E,15~29세*중졸이하
분류코드_연령교육정도4코드,1529H,15~29세*고졸
분류코드_연령교육정도4코드,1529U,15~29세*대졸이상
분류코드_연령교육정도5코드,1929E,19∼29세*중졸이하
분류코드_연령교육정도5코드,1929H,19∼29세*고졸
분류코드_연령교육정도5코드,1929U,19∼29세*대졸이상
행정구역시도코드,11,서울
행정구역시도코드,21,부산
행정구역시도코드,22,대구
행정구역시도코드,23,인천
행정구역시도코드,24,광주
행정구역시도코드,25,대전
행정구역시도코드,26,울산
행정구역시도코드,29,세종
행정구역시도코드,31,경기
행정구역시도코드,32,강원
행정구역시도코드,33,충북
행정구역시도코드,34,충남
행정구역시도코드,35,전북
행정구역시도코드,36,전남
행정구역시도코드,37,경북
행정구역시도코드,38,경남
행정구역시도코드,39,제주
분류코드_장애인복지카드소유여부,W010,있음
분류코드_장애인복지카드소유여부,W020,없음
분류코드_기부여부,C010,기부 참여자
분류코드_기부여부,C020,기부 미참여자
분류코드_현금기부여부,C110,현금 기부 참여자
분류코드_현금기부여부,C120,현금 기부 미참여자
분류코드_현금기부정기성여부,C111,현금 정기 기부자
분류코드_현금기부정기성여부,C112,현금 비정기 기부자
분류코드_물품기부여부,C210,물품 기부 참여자
분류코드_물품기부여부,C220,물품 기부 미참여자
분류코드_물품기부정기성여부,C211,물품 정기 기부자
분류코드_물품기부정기성여부,C212,물품 비정기 기부자
분류코드_자원봉사여부,C310,자원봉사활동 참여자
분류코드_자원봉사여부,C320,자원봉사활동 미참여자
분류코드_자원봉사정기성여부,C311,자원봉사활동 정기 참여자
분류코드_자원봉사정기성여부,C312,자원봉사활동 비정기 참여자
분류코드_계층의식코드,C410,상층
분류코드_계층의식코드,C420,중층
분류코드_계층의식코드,C430,하층
분류코드_주관적소득수준코드,I010,여유있음
분류코드_주관적소득수준코드,I020,적정함
분류코드_주관적소득수준코드,I030,모자람
분류코드_소득만족도코드,I110,만족
분류코드_소득만족도코드,I120,보통
분류코드_소득만족도코드,I130,불만족
분류코드_고용안정성여부,L010,불암함
분류코드_고용안정성여부,L020,불안하지 않음
분류코드_청소년교육정도1코드,T210,재학생
분류코드_청소년교육정도1코드,T220,기타
분류코드_청소년교육정도2코드,T211,중재이하
분류코드_청소년교육정도2코드,T212,고재
분류코드_청소년교육정도2코드,T213,대재이상
가구가중값,,
가구원가중값,,
