원본컬럼(df1),매칭컬럼(df2),유사도,,,,,
가구가중값,가구가중값,100,,,,,
가구번호,가구번호,100,,,,,가구소득
가구소득,가구소득,100,,,,,가구원일련번호
가구소득코드,가구소득,80,190,,,,가구주와의관계
가구원가중값,가구원가중값,100,,,,,개인적인간관계만족도
가구원번호,가구원일련번호,100,,,,,거처의종류
가구원일련번호,가구원일련번호,100,,,,,계층의식
가구일련번호,가구일련번호,100,,,,,고용안정성
가구주관계코드,가구주와의관계,83.3333,,,,,고용의안정성_코로나
가구주와의 관계,가구주와의관계,93.3333,,,,,과거해외여행경험여부
개인적 인간관계 만족도,개인적인간관계만족도,90.9091,,,,,관람횟수_기타
개인적인간관계만족도코드,개인적인간관계만족도,90.9091,,,,,관람횟수_무용
거처의 종류,거처의종류,90.9091,,,,,관람횟수_미술관(공예서화전시회포함)
거처종류코드,거처의종류,80,,,,,관람횟수_박물관(유물전시회등포함)
계층의식,계층의식,100,,,,,관람횟수_스포츠
계층의식코드,계층의식,80,,,,,관람횟수_연극마당극뮤지컬
고용안정성코드,고용안정성,83.3333,,,,,관람횟수_영화
고용의 안정성,고용안정성,92.3077,,,,,관람횟수_음악연주회콘서트
고용의 안정성_코로나,고용의안정성_코로나,95.2381,,,,,교육정도
과거해외여행경험여부,과거해외여행경험여부,100,,,,,국가및지역행사등과관련시간
관람횟수[기타],관람횟수_기타,85.7143,,,,,국가및지역행사등과관련주기
관람횟수[무용],관람횟수_무용,85.7143,,,,,국가및지역행사등과관련횟수
"관람횟수[미술관(공예, 서화, 전시회 포함)]",관람횟수_미술관(공예서화전시회포함),83.7209,,,,,국내관광여행경험
관람횟수[박물관(유물 전시회 등 포함)],관람횟수_박물관(유물전시회등포함),87.1795,,,,,국내관광여행경험_코로나
관람횟수[스포츠],관람횟수_스포츠,87.5,,,,,국내관광여행당일여행횟수
관람횟수[연극·마당극·뮤지컬],관람횟수_연극마당극뮤지컬,85.7143,,,,,국내관광여행숙박여행1회평균일수
관람횟수[영화],관람횟수_영화,85.7143,,,,,국내관광여행숙박여행횟수
관람횟수[음악·연주회·콘서트],관람횟수_음악연주회콘서트,85.7143,,,,,국내관광여행경험여부
교육정도,교육정도,100,,,,,근로여건만족도_근로시간
교육정도코드,교육정도,80,,,,,근로여건만족도_근무환경
국가 및 지역 행사 등과 관련-시간,국가및지역행사등과관련시간,81.25,,,,,근로여건만족도_복리후생
국가 및 지역 행사 등과 관련-주기,국가및지역행사등과관련주기,81.25,,,,,근로여건만족도_인간관계
국가 및 지역 행사 등과 관련-횟수,국가및지역행사등과관련횟수,81.25,,,,,근로여건만족도_인사관리
국내 관광여행 경험,국내관광여행경험,88.8889,,,,,근로여건만족도_일가정양립직장문화
국내 관광여행 경험_코로나,국내관광여행경험_코로나,92.3077,,,,,근로여건만족도_급여
국내 관광여행[당일여행 횟수],국내관광여행당일여행횟수,85.7143,,,,,근로여건만족도_전반적일자리
국내 관광여행[숙박여행 1회평균 일수],국내관광여행숙박여행1회평균일수,86.4865,,,,,근로여건만족도_직장내교육훈련기회
국내 관광여행[숙박여행 횟수],국내관광여행숙박여행횟수,85.7143,,,,,근로여건만족도_직장내폭력방지노력
국내관광여행_당일여행횟수,국내관광여행_당일여행횟수,100,,,,,근로여건만족도_장래성
국내관광여행_숙박여행1회평균숙박일수,국내관광여행_숙박여행1회평균숙박일수,100,,,,,근로여건만족도_업무
국내관광여행_숙박여행횟수,국내관광여행_숙박여행횟수,100,,,,,근로여건만족도_직장내성희롱방지노력
국내관광여행경험여부,국내관광여행경험여부,100,,,,,기부문화확산1순위
근로 여건 만족도[근로시간],근로여건만족도_근로시간,84.6154,,,,,기부문화확산2순위
"근로 여건 만족도[근무환경(안전, 위생 상태 등)]",근로여건만족도_근무환경,83.3333,,,,,기부문화확산3순위
근로 여건 만족도[복리후생],근로여건만족도_복리후생,84.6154,,,,,기부여부
"근로 여건 만족도[인간관계(상하, 동료 간)]",근로여건만족도_인간관계,83.7209,,,,,기부희망분야1순위
"근로 여건 만족도[인사관리(승진, 배치, 이동)]",근로여건만족도_인사관리,82.6087,,,,,기부희망분야2순위
근로 여건 만족도[일·가정양립 직장문화],근로여건만족도_일가정양립직장문화,84.2105,,,,,기부희망분야3순위
근로 여건 만족도[임금(일에 비해)],근로여건만족도_급여,85.7143,,,,,기부내용기타현금금액
근로 여건 만족도[전반적인 일자리 만족도],근로여건만족도_전반적일자리,85,,,,,기부내용기타현금주기
근로 여건 만족도[직장 내 교육 훈련의 기회],근로여건만족도_직장내교육훈련기회,80.9524,,,,,기부내용기타현금횟수
"근로 여건 만족도[직장 내 폭력(언어폭력, 성희롱 등) 방지 노력]",근로여건만족도_직장내폭력방지노력,82.5397,,,,,기부내용_대상자에게직접후원현금금액
근로 여건 만족도[직장에서의 장래성],근로여건만족도_장래성,85.7143,,,,,기부내용_대상자에게직접후원현금주기
근로 여건 만족도[하는 일],근로여건만족도_업무,80,,,,,기부내용_대상자에게직접후원현금횟수
근로여건만족도_근로시간코드,근로여건만족도_근로시간,92.3077,,,,,기부내용_모금단체를통한후원현금금액
근로여건만족도_근무환경코드,근로여건만족도_근무환경,92.3077,,,,,기부내용_모금단체를통한후원현금주기
근로여건만족도_급여코드,근로여건만족도_급여,90.9091,,,,,기부내용_모금단체를통한후원현금횟수
근로여건만족도_복리후생코드,근로여건만족도_복리후생,92.3077,,,,,기부내용_언론기관을통한후원현금금액
근로여건만족도_업무코드,근로여건만족도_업무,90.9091,,,,,기부내용_언론기관을통한후원현금주기
근로여건만족도_인간관계코드,근로여건만족도_인간관계,92.3077,,,,,기부내용_언론기관을통한후원현금횟수
근로여건만족도_인사관리코드,근로여건만족도_인사관리,92.3077,,,,,기부내용_종교단체를통한후원현금금액
근로여건만족도_일가정양립직장문화코드,근로여건만족도_일가정양립직장문화,94.4444,,,,,기부내용_종교단체를통한후원현금주기
근로여건만족도_장래성코드,근로여건만족도_장래성,91.6667,,,,,기부내용_종교단체를통한후원현금횟수
근로여건만족도_전반적일자리코드,근로여건만족도_전반적일자리,93.3333,,,,,기부내용_직장(기업)을통한후원현금금액
근로여건만족도_직장내교육훈련기회코드,근로여건만족도_직장내교육훈련기회,94.4444,,,,,기부내용_직장(기업)을통한후원현금주기
근로여건만족도_직장내성희롱방지노력코드,근로여건만족도_직장내성희롱방지노력,94.7368,,,,,기부내용_직장(기업)을통한후원현금횟수
근로여건만족도_직장내폭력방지노력코드,근로여건만족도_직장내폭력방지노력,94.4444,,,,,기부내용_종교단체_물품횟수
기부 문화 확산[1순위],기부문화확산1순위,81.8182,,,,,기부종류
기부 문화 확산[2순위],기부문화확산2순위,81.8182,,,,,기부하지않은이유
기부 문화 확산[3순위],기부문화확산3순위,81.8182,,,,,기부한이유
기부 여부,기부여부,88.8889,,,,,기부희망분야_1순위
기부 희망 분야[1순위],기부희망분야1순위,81.8182,,,,,기부희망분야_2순위
기부 희망 분야[2순위],기부희망분야2순위,81.8182,,,,,기부희망분야_3순위
기부 희망 분야[3순위],기부희망분야3순위,81.8182,,,,,기타일반인을위한봉사관련시간
기부내용[기타-현금금액],기부내용기타현금금액,86.9565,,,,,기타일반인을위한봉사관련주기
기부내용[기타-현금주기],기부내용기타현금주기,86.9565,,,,,기타일반인을위한봉사관련횟수
기부내용[기타-현금횟수],기부내용기타현금횟수,86.9565,,,,,긴축소비지출항목_1순위
기부내용[대상자에게 직접 후원-현금금액],기부내용_대상자에게직접후원현금금액,87.1795,,,,,긴축소비지출항목_2순위
기부내용[대상자에게 직접 후원-현금주기],기부내용_대상자에게직접후원현금주기,87.1795,,,,,긴축소비지출항목_3순위
기부내용[대상자에게 직접 후원-현금횟수],기부내용_대상자에게직접후원현금횟수,87.1795,,,,,내년가구의재정상태
기부내용[모금단체를 통한 후원-현금금액],기부내용_모금단체를통한후원현금금액,87.1795,,,,,노후준비방법_노후미준비사유
기부내용[모금단체를 통한 후원-현금주기],기부내용_모금단체를통한후원현금주기,87.1795,,,,,노후준비방법_부수적인것
기부내용[모금단체를 통한 후원-현금횟수],기부내용_모금단체를통한후원현금횟수,87.1795,,,,,노후준비방법_부수적방법
기부내용[언론기관을 통한 후원-현금금액],기부내용_언론기관을통한후원현금금액,87.1795,,,,,노후를보내고싶은방법
기부내용[언론기관을 통한 후원-현금주기],기부내용_언론기관을통한후원현금주기,87.1795,,,,,노후를위한사회적관심사
기부내용[언론기관을 통한 후원-현금횟수],기부내용_언론기관을통한후원현금횟수,87.1795,,,,,노후를위한사회적역할
기부내용[종교단체를 통한 후원-현금금액],기부내용_종교단체를통한후원현금금액,87.1795,,,,,노후생활주요활동_1순위
기부내용[종교단체를 통한 후원-현금주기],기부내용_종교단체를통한후원현금주기,87.1795,,,,,노후생활주요활동_2순위
기부내용[종교단체를 통한 후원-현금횟수],기부내용_종교단체를통한후원현금횟수,87.1795,,,,,노후생활주요활동_3순위
기부내용[직장(기업)을 통한 후원-현금금액],기부내용_직장(기업)을통한후원현금금액,88.3721,,,,,노후준비방법_본인노후준비여부
기부내용[직장(기업)을 통한 후원-현금주기],기부내용_직장(기업)을통한후원현금주기,88.3721,,,,,노후준비방법_주된방법
기부내용[직장(기업)을 통한 후원-현금횟수],기부내용_직장(기업)을통한후원현금횟수,88.3721,,,,,노후희망활동_1순위
기부내용_기타_물품횟수,기부내용_기타_물품횟수,100,,,,,노후희망활동_2순위
기부내용_기타_현금금액,기부내용_기타_현금금액,100,,,,,노후희망활동_3순위
기부내용_기타_현금횟수,기부내용_기타_현금횟수,100,,,,,노후희망활동
기부내용_대상자직접후원_물품횟수,기부내용_대상자직접후원_물품횟수,100,,,,,다문화가족여부
기부내용_대상자직접후원_현금금액,기부내용_대상자직접후원_현금금액,100,,,,,단체참여_기타여부
기부내용_대상자직접후원_현금횟수,기부내용_대상자직접후원_현금횟수,100,,,,,단체참여_기타_코로나
기부내용_모금단체후원_현금금액,기부내용_모금단체후원_현금금액,100,,,,,단체참여_시민사회단체여부
기부내용_모금단체후원_현금횟수,기부내용_모금단체후원_현금횟수,100,,,,,단체참여시민사회단체_코로나
기부내용_물품주기,기부내용_물품주기,100,,,,,단체참여_이익단체여부
기부내용_물품횟수,기부내용_물품횟수,100,,,,,단체참여_이익단체_코로나
기부내용_물품후원단체후원_물품횟수,기부내용_물품후원단체후원_물품횟수,100,,,,,단체참여_정치단체여부
기부내용_언론기관후원_물품횟수,기부내용_언론기관후원_물품횟수,100,,,,,단체참여_정치단체_코로나
기부내용_언론기관후원_현금금액,기부내용_언론기관후원_현금금액,100,,,,,단체참여_종교단체여부
기부내용_언론기관후원_현금횟수,기부내용_언론기관후원_현금횟수,100,,,,,단체참여_종교단체_코로나
기부내용_종교단체_물품횟수,기부내용_종교단체_물품횟수,100,,,,,단체참여_지역사회모임여부
기부내용_종교단체후원_현금금액,기부내용_종교단체후원_현금금액,100,,,,,단체참여_지역사회모임_코로나
기부내용_종교단체후원_현금횟수,기부내용_종교단체후원_현금횟수,100,,,,,단체참여_취미스포츠여가활동단체여부
기부내용_직장기업후원_물품횟수,기부내용_직장기업후원_물품횟수,100,,,,,단체참여_취미스포츠및여가활동단체_코로나
기부내용_직장기업후원_현금금액,기부내용_직장기업후원_현금금액,100,,,,,단체참여_친목사교단체여부
기부내용_직장기업후원_현금횟수,기부내용_직장기업후원_현금횟수,100,,,,,단체참여_친목및사교단체_코로나
기부대상인지경로코드,기부대상인지경로,88.8889,,,,,단체참여_학술단체여부
기부문화확산_1순위코드,기부문화확산_1순위,90.9091,,,,,단체참여_학술단체_코로나
기부문화확산_2순위코드,기부문화확산_2순위,90.9091,,,,,단체참여여부
기부문화확산_3순위코드,기부문화확산_3순위,90.9091,,,,,독서권수교양서적(종교소설시집역사예술서적등)
기부사유코드,기부사유,80,,,,,독서권수기타(만화무협지등)
기부여부,기부여부,100,,,,,독서권수생활취미정보서적(육아꽃꽃이등산낚시서적등)
기부종류,기부종류,100,,,,,독서권수잡지류(주간월간기타)
기부종류코드,기부종류,80,,,,,독서권수직업(직무)과관련한서적들)
기부하지 않은 이유,기부하지않은이유,88.8889,,,,,독서여부
기부한 이유,기부한이유,90.9091,,,,,레저시설이용횟수
기부희망분야_1순위코드,기부희망분야_1순위,90.9091,,,,,레저시설_이용여부
기부희망분야_2순위코드,기부희망분야_2순위,90.9091,,,,,만나이
기부희망분야_3순위코드,기부희망분야_3순위,90.9091,,,,,문화예술및스포츠관람
기타 일반인을 위한 봉사 관련-시간,기타일반인을위한봉사관련시간,84.8485,,,,,문화예술스포츠관람여부
기타 일반인을 위한 봉사 관련-주기,기타일반인을위한봉사관련주기,84.8485,,,,,배우자지난1주간경제활동여부
기타 일반인을 위한 봉사 관련-횟수,기타일반인을위한봉사관련횟수,84.8485,,,,,본인세대_계층이동
긴축 소비 지출 항목[1순위],긴축소비지출항목_1순위,81.4815,,,,,본인의노후준비방법준비여부
긴축 소비 지출 항목[2순위],긴축소비지출항목_2순위,81.4815,,,,,부채의변화
긴축 소비 지출 항목[3순위],긴축소비지출항목_3순위,81.4815,,,,,부채의변화_코로나
긴축소비지출항목_1순위코드,긴축소비지출항목_1순위,92.3077,,,,,분류코드_가구소득1
긴축소비지출항목_2순위코드,긴축소비지출항목_2순위,92.3077,,,,,분류코드_가구소득2
긴축소비지출항목_3순위코드,긴축소비지출항목_3순위,92.3077,,,,,분류코드_가구소득3
내년 가구의 재정 상태,내년가구의재정상태,85.7143,,,,,분류코드경제활동여부
내년가구재정상태코드,내년가구의재정상태,88.8889,,,,,분류코드경제활동여부2
노후 준비방법_노후준비하고 있지 않은 이유,노후준비방법_노후미준비사유,90.4762,,,,,분류코드계층의식
노후 준비방법_부수적인 것,노후준비방법_부수적인것,92.3077,,,,,분류코드고용안정성
노후 준비방법_주된 것,노후준비방법_부수적방법,90.9091,,,,,분류코드기부여부
노후를 보내고 싶은 방법,노후를보내고싶은방법,86.9565,,,,,분류코드맞벌이여부
노후를 위한 사회적 관심사,노후를위한사회적관심사,88,,,,,분류코드맞벌이여부2
노후를 위한 사회적 역할,노후를위한사회적역할,86.9565,,,,,분류코드물품기부_정기성
노후사회적관심사코드,노후를위한사회적관심사,88.8889,,,,,분류코드물품기부여부
노후사회적역할코드,노후를위한사회적역할,87.5,,,,,분류코드산업별
노후생활주요활동_1순위코드,노후생활주요활동_1순위,92.3077,,,,,분류코드소득만족도
노후생활주요활동_2순위코드,노후생활주요활동_2순위,92.3077,,,,,분류코드연령교육정도별1
노후생활주요활동_3순위코드,노후생활주요활동_3순위,92.3077,,,,,분류코드연령교육정도별2
노후준비방법_노후미준비사유코드,노후준비방법_노후미준비사유,93.3333,,,,,분류코드연령교육정도별3
노후준비방법_본인노후준비여부,노후준비방법_본인노후준비여부,100,,,,,분류코드연령교육정도별4
노후준비방법_부수적방법코드,노후준비방법_부수적방법,92.3077,,,,,분류코드연령교육정도별5
노후준비방법_주된방법코드,노후준비방법_주된방법,91.6667,,,,,분류코드연령교육정도별6
노후희망활동_1순위코드,노후희망활동_1순위,90.9091,,,,,분류코드자원봉사_정기성
노후희망활동_2순위코드,노후희망활동_2순위,90.9091,,,,,분류코드자원봉사여부
노후희망활동_3순위코드,노후희망활동_3순위,90.9091,,,,,분류코드장애인복지카드소유여부
노후희망활동코드,노후희망활동,85.7143,,,,,분류코드종사자지위별
다문화가족여부,다문화가족여부,100,,,,,분류코드주관적소득수준
단체참여[기타],단체참여_기타여부,85.7143,,,,,분류코드주관적만족감
단체참여[기타]_코로나,단체참여_기타_코로나,90.9091,,,,,분류코드직업별
단체참여[시민 사회단체],단체참여_시민사회단체여부,86.9565,,,,,분류코드청소년교육정도1
단체참여[시민 사회단체]_코로나,단체참여시민사회단체_코로나,90.3226,,,,,분류코드청소년교육정도2
단체참여[이익 단체],단체참여_이익단체여부,84.2105,,,,,분류코드현금기부_정기성
단체참여[이익 단체]_코로나,단체참여_이익단체_코로나,88.8889,,,,,분류코드현금기부여부
단체참여[정치 단체],단체참여_정치단체여부,84.2105,,,,,분류코드_가구원수
단체참여[정치 단체]_코로나,단체참여_정치단체_코로나,88.8889,,,,,분류코드_가구원수2
단체참여[종교 단체],단체참여_종교단체여부,84.2105,,,,,분류코드_경제활동여부
단체참여[종교 단체]_코로나,단체참여_종교단체_코로나,88.8889,,,,,분류코드_계층의식
단체참여[지역 사회 모임],단체참여_지역사회모임여부,83.3333,,,,,분류코드_고용안전성여부
단체참여[지역 사회 모임]_코로나,단체참여_지역사회모임_코로나,87.5,,,,,분류코드_고용안정성여부
"단체참여[취미, 스포츠 및 여가 활동 단체]",단체참여_취미스포츠여가활동단체여부,80,,,,,분류코드_교육정도
"단체참여[취미, 스포츠 및 여가 활동 단체]_코로나",단체참여_취미스포츠및여가활동단체_코로나,83.3333,,,,,분류코드_다문화가족여부
단체참여[친목 및 사교단체],단체참여_친목사교단체여부,84.6154,,,,,분류코드_동부읍면부구분
단체참여[친목 및 사교단체]_코로나,단체참여_친목및사교단체_코로나,88.2353,,,,,분류코드_만13세이상
단체참여[학술 단체],단체참여_학술단체여부,84.2105,,,,,분류코드_만15세이상
단체참여[학술 단체]_코로나,단체참여_학술단체_코로나,88.8889,,,,,분류코드_맞벌이1여부
단체참여_기타여부,단체참여_기타여부,100,,,,,분류코드_맞벌이2여부
단체참여_시민사회단체여부,단체참여_시민사회단체여부,100,,,,,분류코드_산업별
단체참여_이익단체여부,단체참여_이익단체여부,100,,,,,분류코드_성별
단체참여_정치단체여부,단체참여_정치단체여부,100,,,,,분류코드_세대구분
단체참여_종교단체여부,단체참여_종교단체여부,100,,,,,분류코드_소득만족도
단체참여_지역사회모임여부,단체참여_지역사회모임여부,100,,,,,분류코드_연령성별1
단체참여_취미스포츠여가활동단체여부,단체참여_취미스포츠여가활동단체여부,100,,,,,분류코드_연령성별10
단체참여_친목사교단체여부,단체참여_친목사교단체여부,100,,,,,분류코드_연령성별11
단체참여_학술단체여부,단체참여_학술단체여부,100,,,,,분류코드_연령성별2
단체참여여부,단체참여여부,100,,,,,분류코드_연령성별3
독서_교양서적권수,독서_교양서적권수,100,,,,,분류코드_연령성별4
독서_기타권수,독서_기타권수,100,,,,,분류코드_연령성별5
독서_생활취미정보서적권수,독서_생활취미정보서적권수,100,,,,,분류코드_연령성별6
독서_잡지류권수,독서_잡지류권수,100,,,,,분류코드_연령성별7
독서_직업직무관련서적권수,독서_직업직무관련서적권수,100,,,,,분류코드_연령성별8
"독서권수[교양서적(종교, 소설, 시집, 역사, 예술서적 등)]",독서권수교양서적(종교소설시집역사예술서적등),80.7018,,,,,분류코드_연령성별9
"독서권수[기타(만화, 무협지 등)]",독서권수기타(만화무협지등),84.8485,,,,,분류코드_연령1
"독서권수[생활·취미·정보서적(육아, 꽃꽃이, 등산, 낚시 서적 등)]",독서권수생활취미정보서적(육아꽃꽃이등산낚시서적등),81.25,,,,,분류코드_연령10
"독서권수[잡지류(주간, 월간, 기타)]",독서권수잡지류(주간월간기타),83.3333,,,,,분류코드_연령11
독서권수[직업(직무)과 관련한 서적들)],독서권수직업(직무)과관련한서적들),90,,,,,분류코드_연령12
독서여부,독서여부,100,,,,,분류코드_연령13
레저시설 이용 횟수,레저시설이용횟수,88.8889,,,,,분류코드_연령14
레저시설_골프장이용횟수,레저시설_골프장이용횟수,100,,,,,분류코드_연령15
레저시설_관광명소유적지국립공원이용횟수,레저시설_관광명소유적지국립공원이용횟수,100,,,,,분류코드_연령16
레저시설_기타이용횟수,레저시설_기타이용횟수,100,,,,,분류코드_연령2
레저시설_놀이공원이용횟수,레저시설_놀이공원이용횟수,100,,,,,분류코드_연령3
레저시설_산림욕장휴양림이용횟수,레저시설_산림욕장휴양림이용횟수,100,,,,,분류코드_연령4
레저시설_수영장워터파크포함이용횟수,레저시설_수영장워터파크포함이용횟수,100,,,,,분류코드_연령5
레저시설_스키장이용횟수,레저시설_스키장이용횟수,100,,,,,분류코드_연령6
레저시설_온천장스파이용횟수,레저시설_온천장스파이용횟수,100,,,,,분류코드_연령7
레저시설_이용여부코드,레저시설_이용여부,90,,,,,분류코드_연령8
레저시설_해수욕장이용횟수,레저시설_해수욕장이용횟수,100,,,,,분류코드_연령9
레저시설이용횟수,레저시설이용횟수,100,,,,,분류코드_연령교육정도1
만나이,만나이,100,,,,,분류코드_연령교육정도2
만연령,만나이,100,,,,,분류코드_연령교육정도3
문화 예술 및 스포츠 관람,문화예술및스포츠관람,83.3333,,,,,분류코드_연령교육정도4
문화예술스포츠관람_기타횟수,관람횟수_기타,100,,,,,분류코드_연령교육정도5
문화예술스포츠관람_무용횟수,관람횟수_무용,100,,,,,분류코드_연령교육정도6
문화예술스포츠관람_미술관횟수,관람횟수_미술관(공예서화전시회포함),100,,,,,분류코드_연령교육정도별7
문화예술스포츠관람_박물관횟수,관람횟수_박물관(유물전시회등포함),100,,,,,분류코드_임금근로자
문화예술스포츠관람_스포츠횟수,관람횟수_스포츠,100,,,,,분류코드_임금근로자구분
문화예술스포츠관람_연극마당극뮤지컬횟수,관람횟수_연극마당극뮤지컬,100,,,,,분류코드_자원봉사여부
문화예술스포츠관람_영화횟수,관람횟수_영화,100,,,,,분류코드_자원봉사정기성여부
문화예술스포츠관람_음악연주회횟수,관람횟수_음악연주회콘서트,100,,,,,분류코드_장애인복지카드_소유여부
문화예술스포츠관람여부,문화예술스포츠관람여부,100,,,,,분류코드_장애인복지카드소유여부
미기부사유코드,미기부사유,83.3333,,,,,분류코드_점유형태
배우자의 지난 1주간 경제활동상태,배우자지난1주간경제활동여부,90.9091,,,,,분류코드_점유형태1
배우자지난1주간경제활동여부,배우자지난1주간경제활동여부,100,,,,,분류코드_점유형태2
본인세대_계층이동코드,본인세대_계층이동,90,,,,,분류코드_종사자지위
본인세대계층이동코드,본인세대_계층이동,88.8889,,,,,분류코드_주관적만족감
본인의 계층이동,본인세대_계층이동,93.3333,,,,,분류코드_주관적소득수준
본인의 노후 준비방법[준비여부],본인의노후준비방법준비여부,86.6667,,,,,분류코드_주택형태
부채변화코드,부채의변화,80,,,,,분류코드_주택형태1
부채의 변화,부채의변화,90.9091,,,,,분류코드_주택형태2
부채의 변화_코로나,부채의변화_코로나,94.7368,,,,,분류코드_직업대분류
분류코드-가구소득,분류코드_가구소득1,94.1176,,,,,분류코드_직업별
분류코드-가구소득2,분류코드_가구소득2,94.7368,,,,,분류코드_직장산업대분류
분류코드-가구소득3,분류코드_가구소득3,94.7368,,,,,분류코드_청소년교육정도코드1
분류코드-경제활동여부,분류코드경제활동여부,95.2381,,,,,분류코드_청소년교육정도코드2
분류코드-경제활동여부2,분류코드경제활동여부2,95.6522,,,,,분류코드_혼인상태
분류코드-계층의식,분류코드계층의식,94.1176,,,,,분류코드_혼인상태2
분류코드-고용 안정성,분류코드고용안정성,90,,,,,사회보험료부담인식_건강보험납부여부
분류코드-기부여부,분류코드기부여부,94.1176,,,,,사회보험료부담인식_건강보험부담정도
분류코드-맞벌이여부,분류코드맞벌이여부,94.7368,,,,,사회보험료부담인식_고용보험납부여부
분류코드-맞벌이여부2,분류코드맞벌이여부2,95.2381,,,,,사회보험료부담인식_고용보험부담정도
분류코드-물품기부_정기성,분류코드물품기부_정기성,96,,,,,사회보험료부담인식_국민연금납부여부
분류코드-물품기부여부,분류코드물품기부여부,95.2381,,,,,사회보험료부담인식_국민연금부담정도
분류코드-산업별,분류코드산업별,93.3333,,,,,사회장애인차별정도
분류코드-소득 만족도,분류코드소득만족도,90,,,,,사회적관계망변화가족외친인척
분류코드-연령*교육정도별1,분류코드연령교육정도별1,92.3077,,,,,사회적관계망변화가족
분류코드-연령*교육정도별2,분류코드연령교육정도별2,92.3077,,,,,사회적관계망변화그밖의알고지내는사람
분류코드-연령*교육정도별3,분류코드연령교육정도별3,92.3077,,,,,사회적관계망변화동료(직장이나학교)
분류코드-연령*교육정도별4,분류코드연령교육정도별4,92.3077,,,,,사회적관계망변화이웃
분류코드-연령*교육정도별5,분류코드연령교육정도별5,92.3077,,,,,사회적관계망변화절친한친구
분류코드-연령*교육정도별6,분류코드연령교육정도별6,92.3077,,,,,사회적관계망변화종교단체구성원
분류코드-자원봉사_정기성,분류코드자원봉사_정기성,96,,,,,사회적관계망변화취미활동단체회원
분류코드-자원봉사여부,분류코드자원봉사여부,95.2381,,,,,사회적관계망_교류가족친척외유무
분류코드-장애인 복지카드 소유여부,분류코드장애인복지카드소유여부,90.9091,,,,,사회적관계망교류가족또는친척외_명수
분류코드-종사자지위별,분류코드종사자지위별,95.2381,,,,,사회적관계망_교류가족친척유무
분류코드-주관적 소득수준,분류코드주관적소득수준,91.6667,,,,,사회적관계망교류가족또는친척_명수
분류코드-주관적만족감,분류코드주관적만족감,95.2381,,,,,사회적관계망몸이아파집안일을부탁해야할경우
분류코드-직업별,분류코드직업별,93.3333,,,,,사회적관계망갑자기많은돈을빌려야할경우
분류코드-청소년 교육정도1,분류코드청소년교육정도1,92.3077,,,,,사회적관계망갑자기많은돈을빌려야할경우_명수
분류코드-청소년 교육정도2,분류코드청소년교육정도2,92.3077,,,,,사회적관계망갑자기큰돈을빌려야할경우
분류코드-현금기부_정기성,분류코드현금기부_정기성,96,,,,,사회적관계망낙심하거나우울해서이야기상대가필요한경우
분류코드-현금기부여부,분류코드현금기부여부,95.2381,,,,,사회적관계망몸이아파집안일을부탁해야할경우_명수
분류코드_가구소득1코드,분류코드_가구소득1,90.9091,,,,,사회적관계망이야기상대가필요한경우
분류코드_가구소득2코드,분류코드_가구소득2,90.9091,,,,,사회적관계망이야기상대가필요한경우_명수
분류코드_가구소득3코드,분류코드_가구소득3,90.9091,,,,,사회적관계망_가사도움요청대상유무
분류코드_가구원수,분류코드_가구원수,100,,,,,사회적관계망_대화상대도움요청대상유무
분류코드_가구원수2,분류코드_가구원수2,100,,,,,사회적관계망_자금차입도움요청대상유무
분류코드_가구원수2코드,분류코드_가구원수2,90.9091,,,,,산업
분류코드_경제활동여부,분류코드_경제활동여부,100,,,,,생활비마련방법
분류코드_계층의식코드,분류코드_계층의식,90,,,,,생활비마련방법_본인및배우자부담
분류코드_고용안전성코드,분류코드_고용안전성여부,90.9091,,,,,생활비마련방법_지원자녀친척동거여부
분류코드_고용안정성여부,분류코드_고용안정성여부,100,,,,,생활여건변화_문화여가생활여건
분류코드_교육정도,분류코드_교육정도,100,,,,,생활여건변화_보건의료서비스
분류코드_교육정도코드,분류코드_교육정도,90,,,,,생활여건변화_사회보장제도
분류코드_기부여부,분류코드_기부여부,100,,,,,생활여건변화_전반적생활여건
분류코드_다문화가족여부,분류코드_다문화가족여부,100,,,,,생활여건의변화문화여가생활향유여건_코로나
분류코드_동.읍면부,분류코드_동부읍면부구분,94.7368,,,,,생활여건의변화보건의료서비스_코로나
분류코드_동부읍면부구분코드,분류코드_동부읍면부구분,92.3077,,,,,생활여건의변화사회보장제도_코로나
분류코드_만 13세 이상,분류코드_만13세이상,91.6667,,,,,생활여건의변화전반적인생활여건
분류코드_만 15세 이상,분류코드_만15세이상,91.6667,,,,,생활여건의변화전반적인생활여건_코로나
분류코드_만13세이상여부,분류코드_만13세이상,100,,,,,선호장례방법
분류코드_만15세이상여부,분류코드_만15세이상,100,,,,,성별
분류코드_맞벌이1여부,분류코드_맞벌이1여부,100,,,,,성취만족도
분류코드_맞벌이2여부,분류코드_맞벌이2여부,100,,,,,소득만족도
분류코드_물품기부여부,분류코드_물품기부여부,100,,,,,소득변화
분류코드_물품기부정기성여부,분류코드_물품기부정기성여부,100,,,,,소득의변화_코로나
분류코드_산업별코드,분류코드_산업별,88.8889,,,,,소비생활변화
분류코드_성별,분류코드_성별,100,,,,,소비생활만족도
분류코드_성별코드,분류코드_성별,87.5,,,,,수학여부
분류코드_세대구분,분류코드_세대구분,100,,,,,승수(가구)_weight
분류코드_세대구분코드,분류코드_세대구분,90,,,,,승수(가구원)_weight
분류코드_소득만족도코드,분류코드_소득만족도,90.9091,,,,,신뢰
분류코드_연령*성별1,분류코드_연령성별1,95.2381,,,,,신문인터넷신문본적있는지여부
분류코드_연령*성별10,분류코드_연령성별10,95.6522,,,,,신문인터넷신문_보는분야
분류코드_연령*성별11,분류코드_연령성별11,95.6522,,,,,신문일반신문본적있는지여부
분류코드_연령*성별2,분류코드_연령성별2,95.2381,,,,,신문일반신문_보는분야
분류코드_연령*성별3,분류코드_연령성별3,95.2381,,,,,신문_인터넷신문구독여부
분류코드_연령*성별4,분류코드_연령성별4,95.2381,,,,,신문_인터넷신문구독주기
분류코드_연령*성별5,분류코드_연령성별5,95.2381,,,,,신문_일반신문구독여부
분류코드_연령*성별6,분류코드_연령성별6,95.2381,,,,,신문_일반신문구독주기
분류코드_연령*성별7,분류코드_연령성별7,95.2381,,,,,아동청소년노인장애인재소자등과관련시간
분류코드_연령*성별8,분류코드_연령성별8,95.2381,,,,,아동청소년노인장애인재소자등과관련주기
분류코드_연령*성별9,분류코드_연령성별9,95.2381,,,,,아동청소년노인장애인재소자등과관련횟수
분류코드_연령1,분류코드_연령1,100,,,,,앞으로하고싶은여가활동1순위
분류코드_연령10,분류코드_연령10,100,,,,,앞으로하고싶은여가활동2순위
분류코드_연령10코드,분류코드_연령10,90,,,,,앞으로하고싶은여가활동3순위
분류코드_연령11,분류코드_연령11,100,,,,,여가활용_만족도
분류코드_연령11코드,분류코드_연령11,90,,,,,여가활용_불만족사유
분류코드_연령12,분류코드_연령12,100,,,,,여가활동_동반자
분류코드_연령12코드,분류코드_연령12,90,,,,,여성취업시기
분류코드_연령13,분류코드_연령13,100,,,,,여성취업장애요인_1순위
분류코드_연령13코드,분류코드_연령13,90,,,,,여성취업장애요인_2순위
분류코드_연령14,분류코드_연령14,100,,,,,여성취업장애요인_3순위
분류코드_연령14코드,분류코드_연령14,90,,,,,여성취업에대한견해
분류코드_연령15코드,분류코드_연령15,90,,,,,우선실시장애인복지사업_1순위
분류코드_연령16코드,분류코드_연령16,90,,,,,우선실시장애인복지사업_2순위
분류코드_연령1코드,분류코드_연령1,88.8889,,,,,우선실시장애인복지사업_3순위
분류코드_연령2,분류코드_연령2,100,,,,,원격수업
분류코드_연령2코드,분류코드_연령2,88.8889,,,,,원격수업_효과성
분류코드_연령3,분류코드_연령3,100,,,,,원격수업이효과적이지않은이유1순위
분류코드_연령3코드,분류코드_연령3,88.8889,,,,,원격수업이효과적이지않은이유2순위
분류코드_연령4,분류코드_연령4,100,,,,,원격수업이효과적이지않은이유3순위
분류코드_연령4코드,분류코드_연령4,88.8889,,,,,일가정생활우선도
분류코드_연령5,분류코드_연령5,100,,,,,일가정양립제도인지도_가족돌봄휴직제인지여부
분류코드_연령5코드,분류코드_연령5,88.8889,,,,,일가정양립제도인지도_배우자출산휴가제인지여부
분류코드_연령6,분류코드_연령6,100,,,,,일가정양립제도인지도_유연근무제인지여부
분류코드_연령6코드,분류코드_연령6,88.8889,,,,,일가정양립제도인지도_육아기근로시간단축제인지여부
분류코드_연령7,분류코드_연령7,100,,,,,일가정양립제도인지도_육아휴직제인지여부
분류코드_연령7코드,분류코드_연령7,88.8889,,,,,일가정양립제도인지도_직장보육지원인지여부
분류코드_연령8,분류코드_연령8,100,,,,,일가정양립제도인지도_출산전후휴가제인지여부
분류코드_연령8코드,분류코드_연령8,88.8889,,,,,임금근로자유형
분류코드_연령9,분류코드_연령9,100,,,,,자녀교육등과관련시간
분류코드_연령9코드,분류코드_연령9,88.8889,,,,,자녀교육등과관련주기
분류코드_연령교육정도1코드,분류코드_연령교육정도1,92.3077,,,,,자녀교육등과관련횟수
분류코드_연령교육정도2코드,분류코드_연령교육정도2,92.3077,,,,,자녀유무
분류코드_연령교육정도3코드,분류코드_연령교육정도3,92.3077,,,,,자식세대_계층이동
분류코드_연령교육정도4코드,분류코드_연령교육정도4,92.3077,,,,,자신의방역수칙준수
분류코드_연령교육정도5코드,분류코드_연령교육정도5,92.3077,,,,,자원봉사활동여부
분류코드_연령교육정도6코드,분류코드_연령교육정도6,92.3077,,,,,자원봉사활동참여사유
분류코드_연령교육정도별7코드,분류코드_연령교육정도별7,92.8571,,,,,자원봉사활동미참여사유
분류코드_연령성별10코드,분류코드_연령성별10,91.6667,,,,,자원봉사활동인지경로
분류코드_연령성별11코드,분류코드_연령성별11,91.6667,,,,,자원봉사활동정기성여부
분류코드_연령성별1코드,분류코드_연령성별1,90.9091,,,,,자원봉사활동정기성주기
분류코드_연령성별2코드,분류코드_연령성별2,90.9091,,,,,자원봉사활동주기성여부
분류코드_연령성별3코드,분류코드_연령성별3,90.9091,,,,,자원봉사활동주기성
분류코드_연령성별4코드,분류코드_연령성별4,90.9091,,,,,장애구분인지여부
분류코드_연령성별5코드,분류코드_연령성별5,90.9091,,,,,장애인관련시설
분류코드_연령성별6코드,분류코드_연령성별6,90.9091,,,,,장애인복지사업
분류코드_연령성별7코드,분류코드_연령성별7,90.9091,,,,,장애인복지카드_소유여부
분류코드_연령성별8코드,분류코드_연령성별8,90.9091,,,,,장애인견해
분류코드_연령성별9코드,분류코드_연령성별9,90.9091,,,,,장애인과의유대관계여부및대상
분류코드_임금근로자,분류코드_임금근로자,100,,,,,장애인과의유대관계여부및대상대상1순위
분류코드_임금근로자구분코드,분류코드_임금근로자구분,92.3077,,,,,장애인과의유대관계여부및대상대상2순위
분류코드_자원봉사여부,분류코드_자원봉사여부,100,,,,,장애인과의유대관계여부및대상대상3순위
분류코드_자원봉사정기성여부,분류코드_자원봉사정기성여부,100,,,,,장애인관련시설견해
분류코드_장애인복지카드_소유여부,분류코드_장애인복지카드_소유여부,100,,,,,장애인복지사업견해
분류코드_장애인복지카드소유여부,분류코드_장애인복지카드소유여부,100,,,,,장애인유대관계대상_1순위
분류코드_점유형태,분류코드_점유형태,100,,,,,장애인유대관계대상_2순위
분류코드_점유형태1코드,분류코드_점유형태1,90.9091,,,,,장애인유대관계대상_3순위
분류코드_점유형태2,분류코드_점유형태2,100,,,,,장애인유대관계여부
분류코드_점유형태2코드,분류코드_점유형태2,90.9091,,,,,재택근무
분류코드_종사자지위코드,분류코드_종사자지위,90.9091,,,,,재택근무_코로나
분류코드_주관적만족감코드,분류코드_주관적만족감,91.6667,,,,,재택근무_효율성
분류코드_주관적소득수준코드,분류코드_주관적소득수준,92.3077,,,,,재택근무가비효율적인이유1순위
분류코드_주택형태,분류코드_주택형태,100,,,,,재택근무가비효율적인이유2순위
분류코드_주택형태1코드,분류코드_주택형태1,90.9091,,,,,재택근무가비효율적인이유3순위
분류코드_주택형태2,분류코드_주택형태2,100,,,,,재학상태
분류코드_주택형태2코드,분류코드_주택형태2,90.9091,,,,,재학학년
분류코드_직업대분류코드,분류코드_직업대분류,90.9091,,,,,재해지역주민돕기및시설복구등과관련시간
분류코드_직업별코드,분류코드_직업별,88.8889,,,,,재해지역주민돕기및시설복구등과관련주기
분류코드_직장산업대분류코드,분류코드_직장산업대분류,92.3077,,,,,재해지역주민돕기및시설복구등과관련횟수
분류코드_청소년교육정도1코드,분류코드_청소년교육정도코드1,93.3333,,,,,전문성을활용한자원봉사활동
분류코드_청소년교육정도2코드,분류코드_청소년교육정도코드2,93.3333,,,,,전문성을활용한자원봉사활동여부
분류코드_청소년교육정도코드1,분류코드_청소년교육정도코드1,100,,,,,전문성활용자원봉사활동_구분
분류코드_청소년교육정도코드2,분류코드_청소년교육정도코드2,100,,,,,전문성활용자원봉사활동_참석여부
분류코드_현금기부여부,분류코드_현금기부여부,100,,,,,전문성활용자원봉사활동내용
분류코드_현금기부정기성여부,분류코드_현금기부정기성여부,100,,,,,전문성활용자원봉사활동여부
분류코드_혼인상태,분류코드_혼인상태,100,,,,,전반적일자리만족도
분류코드_혼인상태2,분류코드_혼인상태2,100,,,,,점유형태
분류코드_혼인상태2코드,분류코드_혼인상태2,90.9091,,,,,종사상의지위
분류코드_혼인상태코드,분류코드_혼인상태,90,,,,,주관적만족감
사회보험료 부담에 대한 인식[건강보험 납부여부],사회보험료부담인식_건강보험납부여부,86.9565,,,,,주관적만족감_코로나
사회보험료 부담에 대한 인식[건강보험 부담정도],사회보험료부담인식_건강보험부담정도,86.9565,,,,,주관적소득수준
사회보험료 부담에 대한 인식[고용보험 납부여부],사회보험료부담인식_고용보험납부여부,86.9565,,,,,주말여가활동_동반자
사회보험료 부담에 대한 인식[고용보험 부담정도],사회보험료부담인식_고용보험부담정도,86.9565,,,,,주말휴일여가활용_1순위
사회보험료 부담에 대한 인식[국민연금 납부여부],사회보험료부담인식_국민연금납부여부,86.9565,,,,,주말휴일여가활용_2순위
사회보험료 부담에 대한 인식[국민연금 부담정도],사회보험료부담인식_국민연금부담정도,86.9565,,,,,주말휴일여가활용_3순위
사회보험료부담인식_건강보험납부여부,사회보험료부담인식_건강보험납부여부,100,,,,,주중여가활동_동반자
사회보험료부담인식_건강보험부담정도코드,사회보험료부담인식_건강보험부담정도,94.7368,,,,,주중여가활용_1순위
사회보험료부담인식_고용보험납부여부,사회보험료부담인식_고용보험납부여부,100,,,,,주중여가활용_2순위
사회보험료부담인식_고용보험부담정도코드,사회보험료부담인식_고용보험부담정도,94.7368,,,,,주중여가활용_3순위
사회보험료부담인식_국민연금납부여부,사회보험료부담인식_국민연금납부여부,100,,,,,지난1주간경제활동상태
사회보험료부담인식_국민연금부담정도코드,사회보험료부담인식_국민연금부담정도,94.7368,,,,,지난1주간경제활동상태_코로나
사회의 장애인 차별 정도,사회장애인차별정도,86.9565,,,,,지난1주간경제활동여부
사회장애인차별정도코드,사회장애인차별정도,90,,,,,직업선택요인_1순위
사회적 관계망 변화[가족 외 친인척],사회적관계망변화가족외친인척,82.3529,,,,,직업선택요인_2순위
사회적 관계망 변화[가족],사회적관계망변화가족,83.3333,,,,,직업선택요인_3순위
사회적 관계망 변화[그 밖의 알고 지내는 사람],사회적관계망변화그밖의알고지내는사람,81.8182,,,,,직업대분류
사회적 관계망 변화[동료(직장이나 학교)],사회적관계망변화동료(직장이나학교),87.8049,,,,,직업
사회적 관계망 변화[이웃],사회적관계망변화이웃,83.3333,,,,,직장산업대분류
사회적 관계망 변화[절친한 친구],사회적관계망변화절친한친구,83.871,,,,,참여단체_1순위
사회적 관계망 변화[종교 단체 구성원],사회적관계망변화종교단체구성원,83.3333,,,,,참여단체_2순위
사회적 관계망 변화[취미 활동 단체 회원],사회적관계망변화취미활동단체회원,82.0513,,,,,참여단체_3순위
사회적 관계망-교류[가족 또는 친척 외],사회적관계망_교류가족친척외유무,81.0811,,,,,청년이선호하는직장
사회적 관계망-교류[가족 또는 친척 외]_명수,사회적관계망교류가족또는친척외_명수,83.7209,,,,,코로나19일상생활변화마스크착용손씻기등방역위생활동강화_변화가지속될가능성에대한견해
사회적 관계망-교류[가족 또는 친척],사회적관계망_교류가족친척유무,82.3529,,,,,코로나19일상생활변화마스크착용손씻기등방역위생활동강화_변화에대한견해
사회적 관계망-교류[가족 또는 친척]_명수,사회적관계망교류가족또는친척_명수,85,,,,,코로나19일상생활변화배달배송을통한소비활동증가_변화가지속될가능성에대한견해
사회적 관계망1[몸이 아파 집안일을 부탁해야 할 경우],사회적관계망몸이아파집안일을부탁해야할경우,84.6154,,,,,코로나19일상생활변화배달배송을통한소비활동증가_변화에대한견해
사회적 관계망[갑자기 많은 돈을 빌려야 할 경우],사회적관계망갑자기많은돈을빌려야할경우,82.6087,,,,,코로나19일상생활변화온라인학습의확산_변화가지속될가능성에대한견해
사회적 관계망[갑자기 많은 돈을 빌려야 할 경우]_명수,사회적관계망갑자기많은돈을빌려야할경우_명수,84.6154,,,,,코로나19일상생활변화온라인학습의확산_변화에대한견해
사회적 관계망[갑자기 큰 돈을 빌려야 할 경우],사회적관계망갑자기큰돈을빌려야할경우,81.8182,,,,,코로나19일상생활변화재택근무원격근무유연근무제의확산_변화가지속될가능성에대한견해
사회적 관계망[낙심하거나 우울해서 이야기 상대가 필요한 경우],사회적관계망낙심하거나우울해서이야기상대가필요한경우,86.6667,,,,,코로나19일상생활변화재택근무원격근무유연근무제의확산_변화에대한견해
사회적 관계망[몸이 아파 집안일을 부탁해야 할 경우],사회적관계망몸이아파집안일을부탁해야할경우,84,,,,,코로나19일상생활변화직장에서의단체회식감소_변화가지속될가능성에대한견해
사회적 관계망[몸이 아파 집안일을 부탁해야 할 경우]_명수,사회적관계망몸이아파집안일을부탁해야할경우_명수,85.7143,,,,,코로나19일상생활변화직장에서의단체회식감소_변화에대한견해
사회적 관계망[이야기 상대가 필요한 경우],사회적관계망이야기상대가필요한경우,85,,,,,코로나19일상생활변화집에서즐기는여가취미생활문화발달_변화가지속될가능성에대한견해
사회적 관계망[이야기 상대가 필요한 경우]_명수,사회적관계망이야기상대가필요한경우_명수,86.9565,,,,,코로나19일상생활변화집에서즐기는여가취미생활문화발달_변화에대한견해
사회적관계망_가사도움요청대상유무,사회적관계망_가사도움요청대상유무,100,,,,,코로나19일상생활변화친목사교목적의모임감소_변화가지속될가능성에대한견해
사회적관계망_가사도움요청대상인원수,사회적관계망_가사도움요청대상인원수,100,,,,,코로나19일상생활변화친목사교목적의모임감소_변화에대한견해
사회적관계망_교류가족친척외유무,사회적관계망_교류가족친척외유무,100,,,,,타인의방역수칙준수
사회적관계망_교류가족친척유무,사회적관계망_교류가족친척유무,100,,,,,향후추가대상공공시설_3순위
사회적관계망_대화상대도움요청대상유무,사회적관계망_대화상대도움요청대상유무,100,,,,,해외여행경험
사회적관계망_대화상대도움요청대상인원수,사회적관계망_대화상대도움요청대상인원수,100,,,,,해외여행경험_코로나
사회적관계망_자금차입도움요청대상유무,사회적관계망_자금차입도움요청대상유무,100,,,,,행정구역(시도)
사회적관계망_자금차입도움요청대상인원수,사회적관계망_자금차입도움요청대상인원수,100,,,,,향후기부의사
산업코드,산업,66.6667,,,,,향후추가대상공공시설_1순위
생활비 마련 방법,생활비마련방법,87.5,,,,,향후추가대상공공시설_2순위
생활비 마련방법(본인 및 배우자 부담),생활비마련방법_본인및배우자부담,89.4737,,,,,향후추가대상복지서비스_1순위
생활비마련방법_본인및배우자부담코드,생활비마련방법_본인및배우자부담,94.1176,,,,,향후추가대상복지서비스_2순위
생활비마련방법_본인배우자부담코드,생활비마련방법_본인및배우자부담,93.75,,,,,향후추가대상복지서비스_3순위
생활비마련방법_지원자녀친척동거여부,생활비마련방법_지원자녀친척동거여부,100,,,,,향후희망거처
생활비마련방법코드,생활비마련방법,87.5,,,,,향후자녀와동거의향
생활여건변화_문화여가생활여건코드,생활여건변화_문화여가생활여건,93.75,,,,,향후자원봉사활동의사
생활여건변화_보건의료서비스코드,생활여건변화_보건의료서비스,93.3333,,,,,향후기부의사여부
생활여건변화_사회보장제도코드,생활여건변화_사회보장제도,92.8571,,,,,향후자녀동거의향여부
생활여건변화_전반적생활여건코드,생활여건변화_전반적생활여건,93.3333,,,,,향후자원봉사활동의사여부
생활여건의 변화[문화·여가 생활 향유 여건],생활여건변화_문화여가생활여건,82.9268,,,,,향후희망여가활동_1순위
생활여건의 변화[문화·여가 생활 향유 여건]_코로나,생활여건의변화문화여가생활향유여건_코로나,85.7143,,,,,향후희망여가활동_2순위
생활여건의 변화[보건 의료 서비스],생활여건변화_보건의료서비스,84.8485,,,,,향후희망여가활동_3순위
생활여건의 변화[보건 의료 서비스]_코로나,생활여건의변화보건의료서비스_코로나,87.8049,,,,,현금기부_주기성여부
생활여건의 변화[사회보장제도],생활여건변화_사회보장제도,89.6552,,,,,현재소득여부
생활여건의 변화[사회보장제도]_코로나,생활여건의변화사회보장제도_코로나,91.8919,,,,,현재자녀와동거여부
생활여건의 변화[전반적인 생활여건],생활여건의변화전반적인생활여건,88.2353,,,,,현재자녀동거사유_1순위
생활여건의 변화[전반적인 생활여건]_코로나,생활여건의변화전반적인생활여건_코로나,90.4762,,,,,현재자녀동거사유_2순위
선호 장례 방법,선호장례방법,85.7143,,,,,현재자녀동거사유_3순위
선호장례방법코드,선호장례방법,85.7143,,,,,현재자녀비동거사유_1순위
성별,성별,100,,,,,현재자녀비동거사유_2순위
성별코드,성별,66.6667,,,,,현재자녀비동거사유_3순위
성취만족도코드,성취만족도,83.3333,,,,,현재자녀동거여부
성취에 대한 만족도,성취만족도,88.8889,,,,,혼인상태
소득 만족도,소득만족도,90.9091,,,,,혼인신고여부
소득만족도코드,소득만족도,83.3333,,,,,환경보전범죄예방등과관련시간
소득변화코드,소득변화,80,,,,,환경보전범죄예방등과관련주기
소득의 변화,소득변화,90.9091,,,,,환경보전범죄예방등과관련횟수
소득의 변화_코로나,소득의변화_코로나,94.7368,,,,,활동제약상태(계단을오르는데어려움)_어려움정도
소비 생활 변화,소비생활변화,85.7143,,,,,활동제약상태(계단을오르는데어려움)_지속예상기간
소비생활 만족도,소비생활만족도,93.3333,,,,,활동제약상태(기억하거나집중하는데어려움)_어려움정도
소비생활만족도코드,소비생활만족도,87.5,,,,,활동제약상태(기억하거나집중하는데어려움)_지속예상기간
수학여부,수학여부,100,,,,,활동제약상태(보청기를사용해도듣는데어려움)_어려움정도
승수(가구)_weight,승수(가구)_weight,100,,,,,활동제약상태(보청기를사용해도듣는데어려움)_지속예상기간
승수(가구원)_weight,승수(가구원)_weight,100,,,,,활동제약상태(스스로자기관리활동을하는데어려움)_어려움정도
신뢰,신뢰,100,,,,,활동제약상태(스스로자기관리활동을하는데어려움)_지속예상기간
신뢰코드,신뢰,66.6667,,,,,활동제약상태(안경을써도보는데어려움)_어려움정도
신문[인터넷신문] 본적있는지 여부,신문인터넷신문본적있는지여부,87.5,,,,,활동제약상태(안경을써도보는데어려움)_지속예상기간
신문[인터넷신문]_보는 분야,신문인터넷신문_보는분야,88.8889,,,,,활동제약상태(일상생활에서말을하거나듣고이해하는데어려움)_어려움정도
신문[일반신문] 본적있는지 여부,신문일반신문본적있는지여부,86.6667,,,,,활동제약상태(일상생활에서말을하거나듣고이해하는데어려움)_지속예상기간
신문[일반신문]_보는 분야,신문일반신문_보는분야,88,,,,,
신문_인터넷신문구독여부,신문_인터넷신문구독여부,100,,,,,
신문_인터넷신문구독주기코드,신문_인터넷신문구독주기,92.3077,,,,,
신문_일반신문구독여부,신문_일반신문구독여부,100,,,,,
신문_일반신문구독주기코드,신문_일반신문구독주기,91.6667,,,,,
"아동, 청소년, 노인, 장애인, 재소자 등과 관련-시간",아동청소년노인장애인재소자등과관련시간,77.551,,,,,
"아동, 청소년, 노인, 장애인, 재소자 등과 관련-주기",아동청소년노인장애인재소자등과관련주기,77.551,,,,,
"아동, 청소년, 노인, 장애인, 재소자 등과 관련-횟수",아동청소년노인장애인재소자등과관련횟수,77.551,,,,,
앞으로 하고 싶은 여가 활동[1순위],앞으로하고싶은여가활동1순위,82.3529,,,,,
앞으로 하고 싶은 여가 활동[2순위],앞으로하고싶은여가활동2순위,82.3529,,,,,
앞으로 하고 싶은 여가 활동[3순위],앞으로하고싶은여가활동3순위,82.3529,,,,,
여가 활용 만족도,여가활용_만족도,87.5,,,,,
여가 활용 불만족 이유,여가활용_불만족사유,85.7143,,,,,
여가활동_동반자코드,여가활동_동반자,88.8889,,,,,
여가활용_만족도코드,여가활용_만족도,88.8889,,,,,
여가활용_불만족사유코드,여가활용_불만족사유,90.9091,,,,,
여가활용만족도코드,여가활용_만족도,87.5,,,,,
여성 취업 시기,여성취업시기,85.7143,,,,,
여성 취업 장애 요인[1순위],여성취업장애요인_1순위,81.4815,,,,,
여성 취업 장애 요인[2순위],여성취업장애요인_2순위,81.4815,,,,,
여성 취업 장애 요인[3순위],여성취업장애요인_3순위,81.4815,,,,,
여성 취업에 대한 견해,여성취업에대한견해,85.7143,,,,,
여성취업견해코드,여성취업에대한견해,85.7143,,,,,
여성취업시기코드,여성취업시기,85.7143,,,,,
여성취업장애요인_1순위코드,여성취업장애요인_1순위,92.3077,,,,,
여성취업장애요인_2순위코드,여성취업장애요인_2순위,92.3077,,,,,
여성취업장애요인_3순위코드,여성취업장애요인_3순위,92.3077,,,,,
우선실시장애인복지사업_1순위코드,우선실시장애인복지사업_1순위,93.75,,,,,
우선실시장애인복지사업_2순위코드,우선실시장애인복지사업_2순위,93.75,,,,,
우선실시장애인복지사업_3순위코드,우선실시장애인복지사업_3순위,93.75,,,,,
우선적으로 실시해야 할 장애인 복지사업[1순위],우선실시장애인복지사업_1순위,86.9565,,,,,
우선적으로 실시해야 할 장애인 복지사업[2순위],우선실시장애인복지사업_2순위,86.9565,,,,,
우선적으로 실시해야 할 장애인 복지사업[3순위],우선실시장애인복지사업_3순위,86.9565,,,,,
원격 수업,원격수업,88.8889,,,,,
원격 수업_효과성,원격수업_효과성,94.1176,,,,,
원격 수업이 효과적이지 않은 이유[1순위],원격수업이효과적이지않은이유1순위,85,,,,,
원격 수업이 효과적이지 않은 이유[2순위],원격수업이효과적이지않은이유2순위,85,,,,,
원격 수업이 효과적이지 않은 이유[3순위],원격수업이효과적이지않은이유3순위,85,,,,,
유산 기부 의사,유산기부의사여부,85.7143,,,,,
유산기부의사여부,유산기부의사여부,100,,,,,
이용횟수[골프장],레저시설_골프장이용횟수,87.5,,,,,
"이용횟수[관광명소(유적지, 국립공원 등)]",레저시설_관광명소유적지국립공원이용횟수,87.8049,,,,,
이용횟수[기타],레저시설_기타이용횟수,85.7143,,,,,
이용횟수[놀이공원],레저시설_놀이공원이용횟수,88.8889,,,,,
이용횟수[산림욕장(휴양림)],레저시설_산림욕장휴양림이용횟수,92.8571,,,,,
이용횟수[수영장(워터파크 포함)],레저시설_수영장워터파크포함이용횟수,90.9091,,,,,
이용횟수[스키장 및 스케이트장(눈썰매장 포함)],레저시설_스키장이용횟수,89.3617,,,,,
이용횟수[온천장 및 스파],레저시설_온천장스파이용횟수,83.3333,,,,,
이용횟수[해수욕장],레저시설_해수욕장이용횟수,88.8889,,,,,
일가정생활우선도코드,일가정생활우선도,88.8889,,,,,
일가정양립제도인지도_가족돌봄휴직제인지여부,일가정양립제도인지도_가족돌봄휴직제인지여부,100,,,,,
일가정양립제도인지도_배우자출산휴가제인지여부,일가정양립제도인지도_배우자출산휴가제인지여부,100,,,,,
일가정양립제도인지도_유연근무제인지여부,일가정양립제도인지도_유연근무제인지여부,100,,,,,
일가정양립제도인지도_육아기근로시간단축제인지여부,일가정양립제도인지도_육아기근로시간단축제인지여부,100,,,,,
일가정양립제도인지도_육아휴직제인지여부,일가정양립제도인지도_육아휴직제인지여부,100,,,,,
일가정양립제도인지도_직장보육지원인지여부,일가정양립제도인지도_직장보육지원인지여부,100,,,,,
일가정양립제도인지도_출산전후휴가제인지여부,일가정양립제도인지도_출산전후휴가제인지여부,100,,,,,
일과 가정생활의 우선도,일가정생활우선도,90.9091,,,,,
임금근로자 유형,임금근로자유형,93.3333,,,,,
임금근로자구분코드,임금근로자유형,87.5,,,,,
자녀 교육 등과 관련-시간,자녀교육등과관련시간,83.3333,,,,,
자녀 교육 등과 관련-주기,자녀교육등과관련주기,83.3333,,,,,
자녀 교육 등과 관련-횟수,자녀교육등과관련횟수,83.3333,,,,,
자녀 유무,자녀유무,88.8889,,,,,
자녀유무,자녀유무,100,,,,,
자식세대_계층이동코드,자식세대_계층이동,90,,,,,
자식세대계층이동코드,자식세대_계층이동,88.8889,,,,,
자식세대의 계층이동,자식세대_계층이동,94.7368,,,,,
자신의 방역 수칙 준수,자신의방역수칙준수,85.7143,,,,,
자원봉사_아동청소년노인장애인재소자관련시간수,자원봉사_아동청소년노인장애인재소자관련시간수,100,,,,,
자원봉사_아동청소년노인장애인재소자관련횟수,자원봉사_아동청소년노인장애인재소자관련횟수,100,,,,,
자원봉사활동 여부,자원봉사활동여부,94.1176,,,,,
자원봉사활동 참여 이유,자원봉사활동참여사유,90.9091,,,,,
자원봉사활동 참여하지 않은 이유,자원봉사활동미참여사유,90.3226,,,,,
자원봉사활동_국가지역행사관련시간수,자원봉사활동_국가지역행사관련시간수,100,,,,,
자원봉사활동_국가지역행사관련횟수,자원봉사활동_국가지역행사관련횟수,100,,,,,
자원봉사활동_기타일반봉사관련시간수,자원봉사활동_기타일반봉사관련시간수,100,,,,,
자원봉사활동_기타일반봉사관련횟수,자원봉사활동_기타일반봉사관련횟수,100,,,,,
자원봉사활동_자녀교육관련시간수,자원봉사활동_자녀교육관련시간수,100,,,,,
자원봉사활동_자녀교육관련횟수,자원봉사활동_자녀교육관련횟수,100,,,,,
자원봉사활동_재해지역주민돕기시설복구관련시간수,자원봉사활동_재해지역주민돕기시설복구관련시간수,100,,,,,
자원봉사활동_재해지역주민돕기시설복구관련횟수,자원봉사활동_재해지역주민돕기시설복구관련횟수,100,,,,,
자원봉사활동_환경보전범죄예방관련시간수,자원봉사활동_환경보전범죄예방관련시간수,100,,,,,
자원봉사활동_환경보전범죄예방관련횟수,자원봉사활동_환경보전범죄예방관련횟수,100,,,,,
자원봉사활동미참여사유코드,자원봉사활동미참여사유,91.6667,,,,,
자원봉사활동여부,자원봉사활동여부,100,,,,,
자원봉사활동인지경로코드,자원봉사활동인지경로,90.9091,,,,,
자원봉사활동정기성여부,자원봉사활동정기성여부,100,,,,,
자원봉사활동정기성주기코드,자원봉사활동정기성주기,91.6667,,,,,
자원봉사활동주기성여부,자원봉사활동주기성여부,100,,,,,
자원봉사활동주기성코드,자원봉사활동주기성,90,,,,,
자원봉사활동참여사유코드,자원봉사활동참여사유,90.9091,,,,,
장애구분인지여부,장애구분인지여부,100,,,,,
장애인 관련 시설,장애인관련시설,87.5,,,,,
장애인 복지사업,장애인복지사업,93.3333,,,,,
장애인 복지카드 소유 여부,장애인복지카드_소유여부,88,,,,,
장애인견해코드,장애인견해,83.3333,,,,,
장애인과의 유대관계 여부 및 대상,장애인과의유대관계여부및대상,87.5,,,,,
장애인과의 유대관계 여부 및 대상[대상[1순위]],장애인과의유대관계여부및대상대상1순위,82.6087,,,,,
장애인과의 유대관계 여부 및 대상[대상[2순위]],장애인과의유대관계여부및대상대상2순위,82.6087,,,,,
장애인과의 유대관계 여부 및 대상[대상[3순위]],장애인과의유대관계여부및대상대상3순위,82.6087,,,,,
장애인관련시설견해코드,장애인관련시설견해,90,,,,,
장애인복지사업견해코드,장애인복지사업견해,90,,,,,
장애인복지카드_소유여부,장애인복지카드_소유여부,100,,,,,
장애인복지카드소유여부,장애인복지카드_소유여부,100,,,,,
장애인유대관계대상_1순위코드,장애인유대관계대상_1순위,92.8571,,,,,
장애인유대관계대상_2순위코드,장애인유대관계대상_2순위,92.8571,,,,,
장애인유대관계대상_3순위코드,장애인유대관계대상_3순위,92.8571,,,,,
장애인유대관계여부,장애인유대관계여부,100,,,,,
재택근무,재택근무,100,,,,,
재택근무_코로나,재택근무_코로나,100,,,,,
재택근무_효율성,재택근무_효율성,100,,,,,
재택근무가 비효율적인 이유[1순위],재택근무가비효율적인이유1순위,88.2353,,,,,
재택근무가 비효율적인 이유[2순위],재택근무가비효율적인이유2순위,88.2353,,,,,
재택근무가 비효율적인 이유[3순위],재택근무가비효율적인이유3순위,88.2353,,,,,
재학상태코드,재학상태,80,,,,,
재학학년코드,재학학년,80,,,,,
재해 지역 주민 돕기 및 시설 복구 등과 관련-시간,재해지역주민돕기및시설복구등과관련시간,80.8511,,,,,
재해 지역 주민 돕기 및 시설 복구 등과 관련-주기,재해지역주민돕기및시설복구등과관련주기,80.8511,,,,,
재해 지역 주민 돕기 및 시설 복구 등과 관련-횟수,재해지역주민돕기및시설복구등과관련횟수,80.8511,,,,,
전문성을 활용한 자원봉사 활동,전문성을활용한자원봉사활동,89.6552,,,,,
전문성을 활용한 자원봉사 활동 여부,전문성을활용한자원봉사활동여부,88.2353,,,,,
전문성활용자원봉사활동_구분코드,전문성활용자원봉사활동_구분,93.3333,,,,,
전문성활용자원봉사활동_참석여부,전문성활용자원봉사활동_참석여부,100,,,,,
전문성활용자원봉사활동내용코드,전문성활용자원봉사활동내용,92.8571,,,,,
전문성활용자원봉사활동여부,전문성활용자원봉사활동여부,100,,,,,
전반적일자리만족도코드,전반적일자리만족도,90,,,,,
점유형태,점유형태,100,,,,,
점유형태코드,점유형태,80,,,,,
정기기부_물품기부_주기코드,정기기부_물품기부_주기,92.3077,,,,,
정기기부_물품기부여부,정기기부_물품기부여부,100,,,,,
정기기부_물품기부주기코드,정기기부_물품기부주기,91.6667,,,,,
정기기부_현금기부여부,정기기부_현금기부여부,100,,,,,
정기기부_현금기부주기코드,정기기부_현금기부주기,91.6667,,,,,
종사상의 지위,종사상의지위,92.3077,,,,,
종사상지위코드,종사상의지위,83.3333,,,,,
주관적 만족감,주관적만족감,92.3077,,,,,
주관적 만족감_코로나,주관적만족감_코로나,95.2381,,,,,
주관적 소득수준,주관적소득수준,93.3333,,,,,
주관적만족감코드,주관적만족감,85.7143,,,,,
주관적소득수준코드,주관적소득수준,87.5,,,,,
주말(휴일포함)에 여가활동을 함께 하는 사람,주말여가활동_동반자,90.9091,,,,,
주말(휴일포함)의 여가 활용[1순위],주말휴일여가활용_1순위,88.8889,,,,,
주말(휴일포함)의 여가 활용[2순위],주말휴일여가활용_2순위,88.8889,,,,,
주말(휴일포함)의 여가 활용[3순위],주말휴일여가활용_3순위,88.8889,,,,,
주말여가활동_동반자코드,주말여가활동_동반자,90.9091,,,,,
주말휴일여가활용_1순위코드,주말휴일여가활용_1순위,92.3077,,,,,
주말휴일여가활용_2순위코드,주말휴일여가활용_2순위,92.3077,,,,,
주말휴일여가활용_3순위코드,주말휴일여가활용_3순위,92.3077,,,,,
주중에 여가활동을 함께 하는 사람,주중여가활동_동반자,87.5,,,,,
주중여가활동_동반자코드,주중여가활동_동반자,90.9091,,,,,
주중여가활용_1순위코드,주중여가활용_1순위,90.9091,,,,,
주중여가활용_2순위코드,주중여가활용_2순위,90.9091,,,,,
주중여가활용_3순위코드,주중여가활용_3순위,90.9091,,,,,
주중의 여가 활용[1순위],주중여가활용_1순위,83.3333,,,,,
주중의 여가 활용[2순위],주중여가활용_2순위,83.3333,,,,,
주중의 여가 활용[3순위],주중여가활용_3순위,83.3333,,,,,
지난 1주간 경제활동상태,지난1주간경제활동상태,91.6667,,,,,
지난 1주간 경제활동상태_코로나,지난1주간경제활동상태_코로나,93.75,,,,,
지난1주간경제활동여부,지난1주간경제활동여부,100,,,,,
직업 선택 요인[1순위],직업선택요인_1순위,81.8182,,,,,
직업 선택 요인[2순위],직업선택요인_2순위,81.8182,,,,,
직업 선택 요인[3순위],직업선택요인_3순위,81.8182,,,,,
직업대분류코드,직업대분류,83.3333,,,,,
직업선택요인_1순위코드,직업선택요인_1순위,90.9091,,,,,
직업선택요인_2순위코드,직업선택요인_2순위,90.9091,,,,,
직업선택요인_3순위코드,직업선택요인_3순위,90.9091,,,,,
직업코드,직업,66.6667,,,,,
직장산업대분류코드,직장산업대분류,87.5,,,,,
참여단체_1순위코드,참여단체_1순위,88.8889,,,,,
참여단체_2순위코드,참여단체_2순위,88.8889,,,,,
참여단체_3순위코드,참여단체_3순위,88.8889,,,,,
청년선호직장코드,청년이선호하는직장,85.7143,,,,,
청년이 선호하는 직장,청년이선호하는직장,90,,,,,
"코로나19 일상 생활 변화[마스크 착용, 손 씻기 등 방역·위생 활동 강화]_변화가 지속될 가능성에 대한 견해",코로나19일상생활변화마스크착용손씻기등방역위생활동강화_변화가지속될가능성에대한견해,82.6923,,,,,
"코로나19 일상 생활 변화[마스크 착용, 손 씻기 등 방역·위생 활동 강화]_변화에 대한 견해",코로나19일상생활변화마스크착용손씻기등방역위생활동강화_변화에대한견해,81.8182,,,,,
코로나19 일상 생활 변화[배달·배송을 통한 소비 활동 증가]_변화가 지속될 가능성에 대한 견해,코로나19일상생활변화배달배송을통한소비활동증가_변화가지속될가능성에대한견해,84.7826,,,,,
코로나19 일상 생활 변화[배달·배송을 통한 소비 활동 증가]_변화에 대한 견해,코로나19일상생활변화배달배송을통한소비활동증가_변화에대한견해,84.2105,,,,,
코로나19 일상 생활 변화[온라인 학습의 확산]_변화가 지속될 가능성에 대한 견해,코로나19일상생활변화온라인학습의확산_변화가지속될가능성에대한견해,86.0759,,,,,
코로나19 일상 생활 변화[온라인 학습의 확산]_변화에 대한 견해,코로나19일상생활변화온라인학습의확산_변화에대한견해,85.7143,,,,,
"코로나19 일상 생활 변화[재택근무, 원격 근무, 유연 근무제의 확산]_변화가 지속될 가능성에 대한 견해",코로나19일상생활변화재택근무원격근무유연근무제의확산_변화가지속될가능성에대한견해,84,,,,,
"코로나19 일상 생활 변화[재택근무, 원격 근무, 유연 근무제의 확산]_변화에 대한 견해",코로나19일상생활변화재택근무원격근무유연근무제의확산_변화에대한견해,83.3333,,,,,
코로나19 일상 생활 변화[직장에서의 단체 회식 감소]_변화가 지속될 가능성에 대한 견해,코로나19일상생활변화직장에서의단체회식감소_변화가지속될가능성에대한견해,86.0465,,,,,
코로나19 일상 생활 변화[직장에서의 단체 회식 감소]_변화에 대한 견해,코로나19일상생활변화직장에서의단체회식감소_변화에대한견해,85.7143,,,,,
코로나19 일상 생활 변화[집에서 즐기는 여가·취미 생활 문화 발달]_변화가 지속될 가능성에 대한 견해,코로나19일상생활변화집에서즐기는여가취미생활문화발달_변화가지속될가능성에대한견해,84.8485,,,,,
코로나19 일상 생활 변화[집에서 즐기는 여가·취미 생활 문화 발달]_변화에 대한 견해,코로나19일상생활변화집에서즐기는여가취미생활문화발달_변화에대한견해,84.3373,,,,,
코로나19 일상 생활 변화[친목·사교 목적의 모임 감소]_변화가 지속될 가능성에 대한 견해,코로나19일상생활변화친목사교목적의모임감소_변화가지속될가능성에대한견해,85.0575,,,,,
코로나19 일상 생활 변화[친목·사교 목적의 모임 감소]_변화에 대한 견해,코로나19일상생활변화친목사교목적의모임감소_변화에대한견해,84.507,,,,,
타인의 방역 수칙 준수,타인의방역수칙준수,85.7143,,,,,
항후 늘려야 할 공공시설[3순위],향후추가대상공공시설_3순위,83.871,,,,,
해외여행 경험,해외여행경험,92.3077,,,,,
해외여행 경험_코로나,해외여행경험_코로나,95.2381,,,,,
해외여행 횟수[가사(가족·친지 방문 등)],해외여행경험_가족친지관련횟수,85,,,,,
해외여행 횟수[관광],해외여행경험_관광횟수,84.2105,,,,,
해외여행 횟수[교육(어학연수 포함)],해외여행경험_교육횟수,88.8889,,,,,
해외여행 횟수[업무],해외여행경험_업무횟수,84.2105,,,,,
해외여행경험_가족친지관련횟수,해외여행경험_가족친지관련횟수,100,,,,,
해외여행경험_관광횟수,해외여행경험_관광횟수,100,,,,,
해외여행경험_교육횟수,해외여행경험_교육횟수,100,,,,,
해외여행경험_업무횟수,해외여행경험_업무횟수,100,,,,,
해외여행경험여부,해외여행경험,100,,,,,
행정구역(시도),행정구역(시도),100,,,,,
행정구역시도코드,행정구역(시도),85.7143,,,,,
향후 기부 의사,향후기부의사,85.7143,,,,,
향후 늘려야 할 공공시설[1순위],향후추가대상공공시설_1순위,83.871,,,,,
향후 늘려야 할 공공시설[2순위],향후추가대상공공시설_2순위,83.871,,,,,
향후 늘려야 할 복지서비스[1순위],향후추가대상복지서비스_1순위,84.8485,,,,,
향후 늘려야 할 복지서비스[2순위],향후추가대상복지서비스_2순위,84.8485,,,,,
향후 늘려야 할 복지서비스[3순위],향후추가대상복지서비스_3순위,84.8485,,,,,
향후 살고 싶은 곳,향후희망거처,82.3529,,,,,
향후 자녀와 동거 의향,향후자녀와동거의향,85.7143,,,,,
향후 자원봉사 활동 의사,향후자원봉사활동의사,86.9565,,,,,
향후기부의사여부,향후기부의사여부,100,,,,,
향후자녀동거의향여부,향후자녀동거의향여부,100,,,,,
향후자원봉사활동의사여부,향후자원봉사활동의사여부,100,,,,,
향후추가대상공공시설_1순위코드,향후추가대상공공시설_1순위,93.3333,,,,,
향후추가대상공공시설_2순위코드,향후추가대상공공시설_2순위,93.3333,,,,,
향후추가대상공공시설_3순위코드,향후추가대상공공시설_3순위,93.3333,,,,,
향후추가대상복지서비스_1순위코드,향후추가대상복지서비스_1순위,93.75,,,,,
향후추가대상복지서비스_2순위코드,향후추가대상복지서비스_2순위,93.75,,,,,
향후추가대상복지서비스_3순위코드,향후추가대상복지서비스_3순위,93.75,,,,,
향후희망거처코드,향후희망거처,85.7143,,,,,
향후희망여가활동_1순위코드,향후희망여가활동_1순위,92.3077,,,,,
향후희망여가활동_2순위코드,향후희망여가활동_2순위,92.3077,,,,,
향후희망여가활동_3순위코드,향후희망여가활동_3순위,92.3077,,,,,
현금기부_주기성여부,현금기부_주기성여부,100,,,,,
현재 소득 여부,현재소득여부,85.7143,,,,,
현재 자녀와 동거 여부,현재자녀와동거여부,85.7143,,,,,
현재 자녀와 동거 이유[1순위],현재자녀동거사유_1순위,82.7586,,,,,
현재 자녀와 동거 이유[2순위],현재자녀동거사유_2순위,82.7586,,,,,
현재 자녀와 동거 이유[3순위],현재자녀동거사유_3순위,82.7586,,,,,
현재 자녀와 동거하지 않는 이유[1순위],현재자녀비동거사유_1순위,84.2105,,,,,
현재 자녀와 동거하지 않는 이유[2순위],현재자녀비동거사유_2순위,84.2105,,,,,
현재 자녀와 동거하지 않는 이유[3순위],현재자녀비동거사유_3순위,84.2105,,,,,
현재소득여부,현재소득여부,100,,,,,
현재자녀동거사유_1순위코드,현재자녀동거사유_1순위,92.3077,,,,,
현재자녀동거사유_2순위코드,현재자녀동거사유_2순위,92.3077,,,,,
현재자녀동거사유_3순위코드,현재자녀동거사유_3순위,92.3077,,,,,
현재자녀동거여부,현재자녀동거여부,100,,,,,
현재자녀비동거사유_1순위코드,현재자녀비동거사유_1순위,92.8571,,,,,
현재자녀비동거사유_2순위코드,현재자녀비동거사유_2순위,92.8571,,,,,
현재자녀비동거사유_3순위코드,현재자녀비동거사유_3순위,92.8571,,,,,
혼인상태,혼인상태,100,,,,,
혼인상태코드,혼인상태,80,,,,,
혼인신고 여부,혼인신고여부,92.3077,,,,,
혼인신고여부,혼인신고여부,100,,,,,
"환경 보전, 범죄 예방 등과 관련-시간",환경보전범죄예방등과관련시간,80,,,,,
"환경 보전, 범죄 예방 등과 관련-주기",환경보전범죄예방등과관련주기,80,,,,,
"환경 보전, 범죄 예방 등과 관련-횟수",환경보전범죄예방등과관련횟수,80,,,,,
활동 제약 상태[계단을 오르는 데 어려움],활동제약상태(계단을오르는데어려움)_어려움정도,82.0513,,,,,
활동 제약 상태[계단을 오르는 데 어려움]_지속 예상 기간,활동제약상태(계단을오르는데어려움)_지속예상기간,83.6364,,,,,
활동 제약 상태[기억하거나 집중하는 데 어려움],활동제약상태(기억하거나집중하는데어려움)_어려움정도,84.4444,,,,,
활동 제약 상태[기억하거나 집중하는 데 어려움]_지속 예상 기간,활동제약상태(기억하거나집중하는데어려움)_지속예상기간,85.2459,,,,,
활동 제약 상태[보청기를 사용해도 듣는 데 어려움],활동제약상태(보청기를사용해도듣는데어려움)_어려움정도,83.3333,,,,,
활동 제약 상태[보청기를 사용해도 듣는 데 어려움]_지속 예상 기간,활동제약상태(보청기를사용해도듣는데어려움)_지속예상기간,84.375,,,,,
활동 제약 상태[스스로 자기 관리 활동을 하는 데 어려움],활동제약상태(스스로자기관리활동을하는데어려움)_어려움정도,81.4815,,,,,
활동 제약 상태[스스로 자기 관리 활동을 하는 데 어려움]_지속 예상 기간,활동제약상태(스스로자기관리활동을하는데어려움)_지속예상기간,82.8571,,,,,
활동 제약 상태[안경을 써도 보는 데 어려움],활동제약상태(안경을써도보는데어려움)_어려움정도,80.9524,,,,,
활동 제약 상태[안경을 써도 보는 데 어려움]_지속 예상 기간,활동제약상태(안경을써도보는데어려움)_지속예상기간,82.7586,,,,,
"활동 제약 상태[일상생활에서 말을 하거나 듣고, 이해하는 데 어려움]",활동제약상태(일상생활에서말을하거나듣고이해하는데어려움)_어려움정도,83.0769,,,,,
"활동 제약 상태[일상생활에서 말을 하거나 듣고, 이해하는 데 어려움]_지속 예상 기간",활동제약상태(일상생활에서말을하거나듣고이해하는데어려움)_지속예상기간,83.9506,,,,,
활동제약상태(계단을오르는데어려움)_어려움정도코드,활동제약상태(계단을오르는데어려움)_어려움정도,96,,,,,
활동제약상태(계단을오르는데어려움)_지속예상기간코드,활동제약상태(계단을오르는데어려움)_지속예상기간,96.1538,,,,,
활동제약상태(기억하거나집중하는데어려움)_어려움정도코드,활동제약상태(기억하거나집중하는데어려움)_어려움정도,96.4286,,,,,
활동제약상태(기억하거나집중하는데어려움)_지속예상기간코드,활동제약상태(기억하거나집중하는데어려움)_지속예상기간,96.5517,,,,,
활동제약상태(보청기를사용해도듣는데어려움)_어려움정도코드,활동제약상태(보청기를사용해도듣는데어려움)_어려움정도,96.5517,,,,,
활동제약상태(보청기를사용해도듣는데어려움)_지속예상기간코드,활동제약상태(보청기를사용해도듣는데어려움)_지속예상기간,96.6667,,,,,
활동제약상태(스스로자기관리활동을하는데어려움)_어려움정도코드,활동제약상태(스스로자기관리활동을하는데어려움)_어려움정도,96.7742,,,,,
활동제약상태(스스로자기관리활동을하는데어려움)_지속예상기간코드,활동제약상태(스스로자기관리활동을하는데어려움)_지속예상기간,96.875,,,,,
활동제약상태(안경을써도보는데어려움)_어려움정도코드,활동제약상태(안경을써도보는데어려움)_어려움정도,96.1538,,,,,
활동제약상태(안경을써도보는데어려움)_지속예상기간코드,활동제약상태(안경을써도보는데어려움)_지속예상기간,96.2963,,,,,
활동제약상태(일상생활에서말을하거나듣고이해하는데어려움)_어려움정도코드,활동제약상태(일상생활에서말을하거나듣고이해하는데어려움)_어려움정도,97.2222,,,,,
활동제약상태(일상생활에서말을하거나듣고이해하는데어려움)_지속예상기간코드,활동제약상태(일상생활에서말을하거나듣고이해하는데어려움)_지속예상기간,97.2973,,,,,
,,,,,,,
,,,,,,,
,,,,,,,
,,,,,,,
,,,,,,,
,,,,,,,
,,,,,,,
,,,,,,,
,,,,,,,
,,,,,,,
,,,,,,,
,,,,,,,
,,,,,,,
,,,,,,,
,,,,,,,
,,,,,,,
,,,,,,,
,,,,,,,
,,,,,,,
,,,,,,,
,,,,,,,
,,,,,,,
,,,,,,,
,,,,,,,
,,,,,,,
,,,,,,,
,,,,,,,
,,,,,,,
,,,,,,,
,,,,,,,
,,,,,,,
,,,,,,,
,,,,,,,
,,,,,,,
,,,,,,,
,,,,,,,
,,,,,,,
,,,,,,,
,,,,,,,
,,,,,,,
,,,,,,,
,,,,,,,
,,,,,,,
,,,,,,,
,,,,,,,
,,,,,,,
,,,,,,,
,,,,,,,
,,,,,,,
,,,,,,,
,,,,,,,
,,,,,,,
,,,,,,,
,,,,,,,
,,,,,,,
,,,,,,,
,,,,,,,
,,,,,,,
,,,,,,,
,,,,,,,
,,,,,,,463
