항목명,2015,2017,2019,2021,2023,False_count
가구가중값,True,True,False,False,False,3
가구번호,True,True,False,False,False,3
가구소득,False,False,True,True,False,3
가구소득코드,True,True,False,False,True,2
가구원가중값,True,True,False,False,False,3
가구원번호,True,True,False,False,False,3
가구원일련번호,False,False,True,False,False,4
가구일련번호,False,False,True,False,False,4
가구주관계코드,True,True,False,False,True,2
가구주와의 관계,False,False,True,True,False,3
개인적 인간관계 만족도,False,False,True,True,False,3
개인적인간관계만족도코드,False,True,False,False,True,3
거처의 종류,False,False,True,True,False,3
거처종류코드,True,True,False,False,True,2
계층의식,False,False,True,True,False,3
계층의식코드,True,True,False,False,True,2
고용안정성코드,True,True,False,False,True,2
고용의 안정성,False,False,True,True,False,3
고용의 안정성_코로나,False,False,False,True,False,4
과거해외여행경험여부,True,False,False,False,False,4
관람횟수[기타],False,False,True,False,False,4
관람횟수[무용],False,False,True,False,False,4
"관람횟수[미술관(공예, 서화, 전시회 포함)]",False,False,True,False,False,4
관람횟수[박물관(유물 전시회 등 포함)],False,False,True,False,False,4
관람횟수[스포츠],False,False,True,False,False,4
관람횟수[연극·마당극·뮤지컬],False,False,True,False,False,4
관람횟수[영화],False,False,True,False,False,4
관람횟수[음악·연주회·콘서트],False,False,True,False,False,4
교육정도,False,False,True,True,False,3
교육정도코드,True,True,False,False,True,2
국가 및 지역 행사 등과 관련-시간,False,False,True,False,False,4
국가 및 지역 행사 등과 관련-주기,False,False,True,False,False,4
국가 및 지역 행사 등과 관련-횟수,False,False,True,False,False,4
국내 관광여행 경험,False,False,True,True,False,3
국내 관광여행 경험_코로나,False,False,False,True,False,4
국내 관광여행[당일여행 횟수],False,False,True,False,False,4
국내 관광여행[숙박여행 1회평균 일수],False,False,True,False,False,4
국내 관광여행[숙박여행 횟수],False,False,True,False,False,4
국내관광여행_당일여행횟수,True,True,False,False,False,3
국내관광여행_숙박여행1회평균숙박일수,True,True,False,False,False,3
국내관광여행_숙박여행횟수,True,True,False,False,False,3
국내관광여행경험여부,True,True,False,False,True,2
근로 여건 만족도[근로시간],False,False,True,True,False,3
"근로 여건 만족도[근무환경(안전, 위생 상태 등)]",False,False,True,True,False,3
근로 여건 만족도[복리후생],False,False,True,True,False,3
"근로 여건 만족도[인간관계(상하, 동료 간)]",False,False,True,True,False,3
"근로 여건 만족도[인사관리(승진, 배치, 이동)]",False,False,True,True,False,3
근로 여건 만족도[일·가정양립 직장문화],False,False,True,True,False,3
근로 여건 만족도[임금(일에 비해)],False,False,True,True,False,3
근로 여건 만족도[전반적인 일자리 만족도],False,False,True,True,False,3
근로 여건 만족도[직장 내 교육 훈련의 기회],False,False,True,True,False,3
"근로 여건 만족도[직장 내 폭력(언어폭력, 성희롱 등) 방지 노력]",False,False,True,True,False,3
근로 여건 만족도[직장에서의 장래성],False,False,True,True,False,3
근로 여건 만족도[하는 일],False,False,True,True,False,3
근로여건만족도_근로시간코드,True,True,False,False,True,2
근로여건만족도_근무환경코드,True,True,False,False,True,2
근로여건만족도_급여코드,True,True,False,False,True,2
근로여건만족도_복리후생코드,True,True,False,False,True,2
근로여건만족도_업무코드,True,True,False,False,True,2
근로여건만족도_인간관계코드,True,True,False,False,True,2
근로여건만족도_인사관리코드,True,True,False,False,True,2
근로여건만족도_일가정양립직장문화코드,False,True,False,False,True,3
근로여건만족도_장래성코드,True,True,False,False,True,2
근로여건만족도_전반적일자리코드,False,True,False,False,True,3
근로여건만족도_직장내교육훈련기회코드,True,True,False,False,True,2
근로여건만족도_직장내성희롱방지노력코드,True,False,False,False,False,4
근로여건만족도_직장내폭력방지노력코드,False,True,False,False,True,3
기부 문화 확산[1순위],False,False,True,True,False,3
기부 문화 확산[2순위],False,False,True,True,False,3
기부 문화 확산[3순위],False,False,True,True,False,3
기부 여부,False,False,False,True,False,4
기부 희망 분야[1순위],False,False,True,True,False,3
기부 희망 분야[2순위],False,False,True,True,False,3
기부 희망 분야[3순위],False,False,True,True,False,3
기부내용[기타-현금금액],False,False,True,False,False,4
기부내용[기타-현금주기],False,False,True,False,False,4
기부내용[기타-현금횟수],False,False,True,False,False,4
기부내용[대상자에게 직접 후원-현금금액],False,False,True,False,False,4
기부내용[대상자에게 직접 후원-현금주기],False,False,True,False,False,4
기부내용[대상자에게 직접 후원-현금횟수],False,False,True,False,False,4
기부내용[모금단체를 통한 후원-현금금액],False,False,True,False,False,4
기부내용[모금단체를 통한 후원-현금주기],False,False,True,False,False,4
기부내용[모금단체를 통한 후원-현금횟수],False,False,True,False,False,4
기부내용[언론기관을 통한 후원-현금금액],False,False,True,False,False,4
기부내용[언론기관을 통한 후원-현금주기],False,False,True,False,False,4
기부내용[언론기관을 통한 후원-현금횟수],False,False,True,False,False,4
기부내용[종교단체를 통한 후원-현금금액],False,False,True,False,False,4
기부내용[종교단체를 통한 후원-현금주기],False,False,True,False,False,4
기부내용[종교단체를 통한 후원-현금횟수],False,False,True,False,False,4
기부내용[직장(기업)을 통한 후원-현금금액],False,False,True,False,False,4
기부내용[직장(기업)을 통한 후원-현금주기],False,False,True,False,False,4
기부내용[직장(기업)을 통한 후원-현금횟수],False,False,True,False,False,4
기부내용_기타_물품횟수,True,False,False,False,False,4
기부내용_기타_현금금액,True,True,False,False,False,3
기부내용_기타_현금횟수,True,True,False,False,False,3
기부내용_대상자직접후원_물품횟수,True,False,False,False,False,4
기부내용_대상자직접후원_현금금액,True,True,False,False,False,3
기부내용_대상자직접후원_현금횟수,True,True,False,False,False,3
기부내용_모금단체후원_현금금액,True,True,False,False,False,3
기부내용_모금단체후원_현금횟수,True,True,False,False,False,3
기부내용_물품주기,False,False,True,False,False,4
기부내용_물품횟수,False,True,True,False,False,3
기부내용_물품후원단체후원_물품횟수,True,False,False,False,False,4
기부내용_언론기관후원_물품횟수,True,False,False,False,False,4
기부내용_언론기관후원_현금금액,True,True,False,False,False,3
기부내용_언론기관후원_현금횟수,True,True,False,False,False,3
기부내용_종교단체_물품횟수,True,False,False,False,False,4
기부내용_종교단체후원_현금금액,True,True,False,False,False,3
기부내용_종교단체후원_현금횟수,True,True,False,False,False,3
기부내용_직장기업후원_물품횟수,True,False,False,False,False,4
기부내용_직장기업후원_현금금액,True,True,False,False,False,3
기부내용_직장기업후원_현금횟수,True,True,False,False,False,3
기부대상인지경로코드,True,False,False,False,False,4
기부문화확산_1순위코드,True,True,False,False,True,2
기부문화확산_2순위코드,True,True,False,False,True,2
기부문화확산_3순위코드,True,True,False,False,True,2
기부사유코드,False,False,False,False,True,4
기부여부,True,True,True,False,True,1
기부종류,False,False,True,False,False,4
기부종류코드,False,True,False,False,False,4
기부하지 않은 이유,False,False,True,True,False,3
기부한 이유,False,False,False,True,False,4
기부희망분야_1순위코드,True,True,False,False,True,2
기부희망분야_2순위코드,True,True,False,False,True,2
기부희망분야_3순위코드,True,True,False,False,True,2
기타 일반인을 위한 봉사 관련-시간,False,False,True,False,False,4
기타 일반인을 위한 봉사 관련-주기,False,False,True,False,False,4
기타 일반인을 위한 봉사 관련-횟수,False,False,True,False,False,4
긴축 소비 지출 항목[1순위],False,False,True,True,False,3
긴축 소비 지출 항목[2순위],False,False,True,True,False,3
긴축 소비 지출 항목[3순위],False,False,True,True,False,3
긴축소비지출항목_1순위코드,True,True,False,False,True,2
긴축소비지출항목_2순위코드,True,True,False,False,True,2
긴축소비지출항목_3순위코드,True,True,False,False,True,2
내년 가구의 재정 상태,False,False,True,True,False,3
내년가구재정상태코드,True,True,False,False,True,2
노후 준비방법_노후준비하고 있지 않은 이유,False,False,True,True,False,3
노후 준비방법_부수적인 것,False,False,True,True,False,3
노후 준비방법_주된 것,False,False,True,True,False,3
노후를 보내고 싶은 방법,False,False,True,True,False,3
노후를 위한 사회적 관심사,False,False,True,False,False,4
노후를 위한 사회적 역할,False,False,False,True,False,4
노후사회적관심사코드,True,True,False,False,False,3
노후사회적역할코드,False,False,False,False,True,4
노후생활주요활동_1순위코드,False,False,False,False,True,4
노후생활주요활동_2순위코드,False,False,False,False,True,4
노후생활주요활동_3순위코드,False,False,False,False,True,4
노후준비방법_노후미준비사유코드,True,True,False,False,True,2
노후준비방법_본인노후준비여부,True,True,False,False,True,2
노후준비방법_부수적방법코드,True,True,False,False,True,2
노후준비방법_주된방법코드,True,True,False,False,True,2
노후희망활동_1순위코드,False,False,False,False,True,4
노후희망활동_2순위코드,False,False,False,False,True,4
노후희망활동_3순위코드,False,False,False,False,True,4
노후희망활동코드,True,True,False,False,False,3
다문화가족여부,False,False,False,False,True,4
단체참여[기타],False,False,True,True,False,3
단체참여[기타]_코로나,False,False,False,True,False,4
단체참여[시민 사회단체],False,False,True,True,False,3
단체참여[시민 사회단체]_코로나,False,False,False,True,False,4
단체참여[이익 단체],False,False,True,True,False,3
단체참여[이익 단체]_코로나,False,False,False,True,False,4
단체참여[정치 단체],False,False,True,True,False,3
단체참여[정치 단체]_코로나,False,False,False,True,False,4
단체참여[종교 단체],False,False,True,True,False,3
단체참여[종교 단체]_코로나,False,False,False,True,False,4
단체참여[지역 사회 모임],False,False,True,True,False,3
단체참여[지역 사회 모임]_코로나,False,False,False,True,False,4
"단체참여[취미, 스포츠 및 여가 활동 단체]",False,False,True,True,False,3
"단체참여[취미, 스포츠 및 여가 활동 단체]_코로나",False,False,False,True,False,4
단체참여[친목 및 사교단체],False,False,True,True,False,3
단체참여[친목 및 사교단체]_코로나,False,False,False,True,False,4
단체참여[학술 단체],False,False,True,True,False,3
단체참여[학술 단체]_코로나,False,False,False,True,False,4
단체참여_기타여부,False,False,False,False,True,4
단체참여_시민사회단체여부,False,False,False,False,True,4
단체참여_이익단체여부,False,False,False,False,True,4
단체참여_정치단체여부,False,False,False,False,True,4
단체참여_종교단체여부,False,False,False,False,True,4
단체참여_지역사회모임여부,False,False,False,False,True,4
단체참여_취미스포츠여가활동단체여부,False,False,False,False,True,4
단체참여_친목사교단체여부,False,False,False,False,True,4
단체참여_학술단체여부,False,False,False,False,True,4
단체참여여부,True,True,False,False,False,3
독서_교양서적권수,True,True,False,False,False,3
독서_기타권수,True,True,False,False,False,3
독서_생활취미정보서적권수,True,True,False,False,False,3
독서_잡지류권수,True,True,False,False,False,3
독서_직업직무관련서적권수,True,True,False,False,False,3
"독서권수[교양서적(종교, 소설, 시집, 역사, 예술서적 등)]",False,False,True,False,False,4
"독서권수[기타(만화, 무협지 등)]",False,False,True,False,False,4
"독서권수[생활·취미·정보서적(육아, 꽃꽃이, 등산, 낚시 서적 등)]",False,False,True,False,False,4
"독서권수[잡지류(주간, 월간, 기타)]",False,False,True,False,False,4
독서권수[직업(직무)과 관련한 서적들)],False,False,True,False,False,4
독서여부,True,True,True,True,True,0
레저시설 이용 횟수,False,False,True,True,False,3
레저시설_골프장이용횟수,True,True,False,False,False,3
레저시설_관광명소유적지국립공원이용횟수,True,True,False,False,False,3
레저시설_기타이용횟수,True,True,False,False,False,3
레저시설_놀이공원이용횟수,True,True,False,False,False,3
레저시설_산림욕장휴양림이용횟수,True,True,False,False,False,3
레저시설_수영장워터파크포함이용횟수,True,True,False,False,False,3
레저시설_스키장이용횟수,True,True,False,False,False,3
레저시설_온천장스파이용횟수,True,True,False,False,False,3
레저시설_이용여부코드,False,False,False,False,True,4
레저시설_해수욕장이용횟수,True,True,False,False,False,3
레저시설이용횟수,True,True,False,False,False,3
만나이,False,False,True,False,False,4
만연령,True,True,False,False,False,3
문화 예술 및 스포츠 관람,False,False,True,True,False,3
문화예술스포츠관람_기타횟수,False,True,False,False,False,4
문화예술스포츠관람_무용횟수,True,True,False,False,False,3
문화예술스포츠관람_미술관횟수,True,True,False,False,False,3
문화예술스포츠관람_박물관횟수,True,True,False,False,False,3
문화예술스포츠관람_스포츠횟수,True,True,False,False,False,3
문화예술스포츠관람_연극마당극뮤지컬횟수,True,True,False,False,False,3
문화예술스포츠관람_영화횟수,True,True,False,False,False,3
문화예술스포츠관람_음악연주회횟수,True,True,False,False,False,3
문화예술스포츠관람여부,True,True,False,False,True,2
미기부사유코드,True,True,False,False,True,2
배우자의 지난 1주간 경제활동상태,False,False,True,True,False,3
배우자지난1주간경제활동여부,True,True,False,False,True,2
본인세대_계층이동코드,False,False,False,False,True,4
본인세대계층이동코드,True,True,False,False,False,3
본인의 계층이동,False,False,True,True,False,3
본인의 노후 준비방법[준비여부],False,False,True,True,False,3
부채변화코드,True,True,False,False,True,2
부채의 변화,False,False,True,True,False,3
부채의 변화_코로나,False,False,False,True,False,4
분류코드-가구소득,False,False,True,True,False,3
분류코드-가구소득2,False,False,True,True,False,3
분류코드-가구소득3,False,False,False,True,False,4
분류코드-경제활동여부,False,False,True,True,False,3
분류코드-경제활동여부2,False,False,False,True,False,4
분류코드-계층의식,False,False,True,True,False,3
분류코드-고용 안정성,False,False,True,True,False,3
분류코드-기부여부,False,False,True,True,False,3
분류코드-맞벌이여부,False,False,True,True,False,3
분류코드-맞벌이여부2,False,False,True,True,False,3
분류코드-물품기부_정기성,False,False,True,False,False,4
분류코드-물품기부여부,False,False,True,True,False,3
분류코드-산업별,False,False,True,True,False,3
분류코드-소득 만족도,False,False,True,True,False,3
분류코드-연령*교육정도별1,False,False,True,True,False,3
분류코드-연령*교육정도별2,False,False,True,True,False,3
분류코드-연령*교육정도별3,False,False,True,True,False,3
분류코드-연령*교육정도별4,False,False,True,True,False,3
분류코드-연령*교육정도별5,False,False,True,True,False,3
분류코드-연령*교육정도별6,False,False,False,True,False,4
분류코드-자원봉사_정기성,False,False,True,False,False,4
분류코드-자원봉사여부,False,False,True,True,False,3
분류코드-장애인 복지카드 소유여부,False,False,True,True,False,3
분류코드-종사자지위별,False,False,True,True,False,3
분류코드-주관적 소득수준,False,False,True,True,False,3
분류코드-주관적만족감,False,False,True,True,False,3
분류코드-직업별,False,False,True,True,False,3
분류코드-청소년 교육정도1,False,False,True,True,False,3
분류코드-청소년 교육정도2,False,False,True,True,False,3
분류코드-현금기부_정기성,False,False,True,False,False,4
분류코드-현금기부여부,False,False,True,True,False,3
분류코드_가구소득1코드,True,True,False,False,True,2
분류코드_가구소득2코드,True,True,False,False,True,2
분류코드_가구소득3코드,False,True,False,False,True,3
분류코드_가구원수,True,True,True,True,True,0
분류코드_가구원수2,False,False,False,True,False,4
분류코드_가구원수2코드,False,False,False,False,True,4
분류코드_경제활동여부,True,True,False,False,True,2
분류코드_계층의식코드,True,True,False,False,True,2
분류코드_고용안전성코드,True,False,False,False,False,4
분류코드_고용안정성여부,False,True,False,False,True,3
분류코드_교육정도,False,False,True,True,False,3
분류코드_교육정도코드,True,True,False,False,True,2
분류코드_기부여부,True,True,False,False,True,2
분류코드_다문화가족여부,False,False,False,False,True,4
분류코드_동.읍면부,False,False,True,True,False,3
분류코드_동부읍면부구분코드,True,True,False,False,True,2
분류코드_만 13세 이상,False,False,True,True,False,3
분류코드_만 15세 이상,False,False,True,True,False,3
분류코드_만13세이상여부,True,True,False,False,True,2
분류코드_만15세이상여부,True,True,False,False,True,2
분류코드_맞벌이1여부,True,True,False,False,True,2
분류코드_맞벌이2여부,True,True,False,False,True,2
분류코드_물품기부여부,True,True,False,False,True,2
분류코드_물품기부정기성여부,True,True,False,False,False,3
분류코드_산업별코드,False,False,False,False,True,4
분류코드_성별,False,False,True,True,False,3
분류코드_성별코드,True,True,False,False,True,2
분류코드_세대구분,False,False,True,True,False,3
분류코드_세대구분코드,True,True,False,False,True,2
분류코드_소득만족도코드,True,True,False,False,True,2
분류코드_연령*성별1,False,False,True,True,False,3
분류코드_연령*성별10,False,False,False,True,False,4
분류코드_연령*성별11,False,False,False,True,False,4
분류코드_연령*성별2,False,False,True,True,False,3
분류코드_연령*성별3,False,False,True,True,False,3
분류코드_연령*성별4,False,False,True,True,False,3
분류코드_연령*성별5,False,False,True,True,False,3
분류코드_연령*성별6,False,False,True,True,False,3
분류코드_연령*성별7,False,False,True,True,False,3
분류코드_연령*성별8,False,False,True,True,False,3
분류코드_연령*성별9,False,False,True,True,False,3
분류코드_연령1,False,False,True,True,False,3
분류코드_연령10,False,False,True,True,False,3
분류코드_연령10코드,True,True,False,False,True,2
분류코드_연령11,False,False,True,True,False,3
분류코드_연령11코드,True,True,False,False,True,2
분류코드_연령12,False,False,True,True,False,3
분류코드_연령12코드,True,True,False,False,True,2
분류코드_연령13,False,False,True,True,False,3
분류코드_연령13코드,True,True,False,False,True,2
분류코드_연령14,False,False,False,True,False,4
분류코드_연령14코드,False,False,False,False,True,4
분류코드_연령15코드,False,False,False,False,True,4
분류코드_연령16코드,False,False,False,False,True,4
분류코드_연령1코드,True,True,False,False,True,2
분류코드_연령2,False,False,True,True,False,3
분류코드_연령2코드,True,True,False,False,True,2
분류코드_연령3,False,False,True,True,False,3
분류코드_연령3코드,True,True,False,False,True,2
분류코드_연령4,False,False,True,True,False,3
분류코드_연령4코드,True,True,False,False,True,2
분류코드_연령5,False,False,True,True,False,3
분류코드_연령5코드,True,True,False,False,True,2
분류코드_연령6,False,False,True,True,False,3
분류코드_연령6코드,True,True,False,False,True,2
분류코드_연령7,False,False,True,True,False,3
분류코드_연령7코드,True,True,False,False,True,2
분류코드_연령8,False,False,True,True,False,3
분류코드_연령8코드,True,True,False,False,True,2
분류코드_연령9,False,False,True,True,False,3
분류코드_연령9코드,True,True,False,False,True,2
분류코드_연령교육정도1코드,True,True,False,False,True,2
분류코드_연령교육정도2코드,True,True,False,False,True,2
분류코드_연령교육정도3코드,True,True,False,False,True,2
분류코드_연령교육정도4코드,True,True,False,False,True,2
분류코드_연령교육정도5코드,True,True,False,False,True,2
분류코드_연령교육정도6코드,False,False,False,False,True,4
분류코드_연령교육정도별7코드,False,False,False,False,True,4
분류코드_연령성별10코드,False,False,False,False,True,4
분류코드_연령성별11코드,False,False,False,False,True,4
분류코드_연령성별1코드,True,True,False,False,True,2
분류코드_연령성별2코드,True,True,False,False,True,2
분류코드_연령성별3코드,True,True,False,False,True,2
분류코드_연령성별4코드,True,True,False,False,True,2
분류코드_연령성별5코드,True,True,False,False,True,2
분류코드_연령성별6코드,True,True,False,False,True,2
분류코드_연령성별7코드,True,True,False,False,True,2
분류코드_연령성별8코드,True,True,False,False,True,2
분류코드_연령성별9코드,True,True,False,False,True,2
분류코드_임금근로자,False,False,True,True,False,3
분류코드_임금근로자구분코드,True,True,False,False,True,2
분류코드_자원봉사여부,True,True,False,False,True,2
분류코드_자원봉사정기성여부,True,True,False,False,False,3
분류코드_장애인복지카드_소유여부,False,False,False,False,True,4
분류코드_장애인복지카드소유여부,True,True,False,False,False,3
분류코드_점유형태,False,False,True,True,False,3
분류코드_점유형태1코드,True,True,False,False,True,2
분류코드_점유형태2,False,False,True,True,False,3
분류코드_점유형태2코드,True,True,False,False,True,2
분류코드_종사자지위코드,True,True,False,False,True,2
분류코드_주관적만족감코드,True,True,False,False,True,2
분류코드_주관적소득수준코드,True,True,False,False,True,2
분류코드_주택형태,False,False,True,True,False,3
분류코드_주택형태1코드,True,True,False,False,True,2
분류코드_주택형태2,False,False,True,True,False,3
분류코드_주택형태2코드,True,True,False,False,True,2
분류코드_직업대분류코드,True,True,False,False,False,3
분류코드_직업별코드,False,False,False,False,True,4
분류코드_직장산업대분류코드,True,True,False,False,False,3
분류코드_청소년교육정도1코드,False,True,False,False,True,3
분류코드_청소년교육정도2코드,False,True,False,False,True,3
분류코드_청소년교육정도코드1,True,False,False,False,False,4
분류코드_청소년교육정도코드2,True,False,False,False,False,4
분류코드_현금기부여부,True,True,False,False,True,2
분류코드_현금기부정기성여부,True,True,False,False,False,3
분류코드_혼인상태,False,False,True,True,False,3
분류코드_혼인상태2,False,False,False,True,False,4
분류코드_혼인상태2코드,False,False,False,False,True,4
분류코드_혼인상태코드,True,True,False,False,True,2
사회보험료 부담에 대한 인식[건강보험 납부여부],False,False,True,False,False,4
사회보험료 부담에 대한 인식[건강보험 부담정도],False,False,True,False,False,4
사회보험료 부담에 대한 인식[고용보험 납부여부],False,False,True,False,False,4
사회보험료 부담에 대한 인식[고용보험 부담정도],False,False,True,False,False,4
사회보험료 부담에 대한 인식[국민연금 납부여부],False,False,True,False,False,4
사회보험료 부담에 대한 인식[국민연금 부담정도],False,False,True,False,False,4
사회보험료부담인식_건강보험납부여부,True,True,False,False,True,2
사회보험료부담인식_건강보험부담정도코드,True,False,False,False,True,3
사회보험료부담인식_고용보험납부여부,True,True,False,False,True,2
사회보험료부담인식_고용보험부담정도코드,True,True,False,False,True,2
사회보험료부담인식_국민연금납부여부,True,True,False,False,True,2
사회보험료부담인식_국민연금부담정도코드,True,True,False,False,True,2
사회의 장애인 차별 정도,False,False,True,True,False,3
사회장애인차별정도코드,True,True,False,False,True,2
사회적 관계망 변화[가족 외 친인척],False,False,False,True,False,4
사회적 관계망 변화[가족],False,False,False,True,False,4
사회적 관계망 변화[그 밖의 알고 지내는 사람],False,False,False,True,False,4
사회적 관계망 변화[동료(직장이나 학교)],False,False,False,True,False,4
사회적 관계망 변화[이웃],False,False,False,True,False,4
사회적 관계망 변화[절친한 친구],False,False,False,True,False,4
사회적 관계망 변화[종교 단체 구성원],False,False,False,True,False,4
사회적 관계망 변화[취미 활동 단체 회원],False,False,False,True,False,4
사회적 관계망-교류[가족 또는 친척 외],False,False,True,True,False,3
사회적 관계망-교류[가족 또는 친척 외]_명수,False,False,True,False,False,4
사회적 관계망-교류[가족 또는 친척],False,False,True,True,False,3
사회적 관계망-교류[가족 또는 친척]_명수,False,False,True,False,False,4
사회적 관계망1[몸이 아파 집안일을 부탁해야 할 경우],True,False,False,False,False,4
사회적 관계망[갑자기 많은 돈을 빌려야 할 경우],False,False,True,False,False,4
사회적 관계망[갑자기 많은 돈을 빌려야 할 경우]_명수,False,False,True,False,False,4
사회적 관계망[갑자기 큰 돈을 빌려야 할 경우],False,False,False,True,False,4
사회적 관계망[낙심하거나 우울해서 이야기 상대가 필요한 경우],False,False,False,True,False,4
사회적 관계망[몸이 아파 집안일을 부탁해야 할 경우],False,False,True,True,False,3
사회적 관계망[몸이 아파 집안일을 부탁해야 할 경우]_명수,False,False,True,False,False,4
사회적 관계망[이야기 상대가 필요한 경우],False,False,True,False,False,4
사회적 관계망[이야기 상대가 필요한 경우]_명수,False,False,True,False,False,4
사회적관계망_가사도움요청대상유무,True,True,False,False,True,2
사회적관계망_가사도움요청대상인원수,True,True,False,False,False,3
사회적관계망_교류가족친척외유무,False,False,False,False,True,4
사회적관계망_교류가족친척유무,False,False,False,False,True,4
사회적관계망_대화상대도움요청대상유무,True,True,False,False,True,2
사회적관계망_대화상대도움요청대상인원수,True,True,False,False,False,3
사회적관계망_자금차입도움요청대상유무,True,True,False,False,True,2
사회적관계망_자금차입도움요청대상인원수,True,True,False,False,False,3
산업코드,False,False,True,True,False,3
생활비 마련 방법,False,False,True,True,False,3
생활비 마련방법(본인 및 배우자 부담),False,False,True,True,False,3
생활비마련방법_본인및배우자부담코드,False,False,False,False,True,4
생활비마련방법_본인배우자부담코드,True,True,False,False,False,3
생활비마련방법_지원자녀친척동거여부,True,False,False,False,False,4
생활비마련방법코드,True,True,False,False,True,2
생활여건변화_문화여가생활여건코드,True,True,False,False,True,2
생활여건변화_보건의료서비스코드,True,True,False,False,True,2
생활여건변화_사회보장제도코드,True,True,False,False,True,2
생활여건변화_전반적생활여건코드,True,True,False,False,True,2
생활여건의 변화[문화·여가 생활 향유 여건],False,False,True,True,False,3
생활여건의 변화[문화·여가 생활 향유 여건]_코로나,False,False,False,True,False,4
생활여건의 변화[보건 의료 서비스],False,False,True,True,False,3
생활여건의 변화[보건 의료 서비스]_코로나,False,False,False,True,False,4
생활여건의 변화[사회보장제도],False,False,True,True,False,3
생활여건의 변화[사회보장제도]_코로나,False,False,False,True,False,4
생활여건의 변화[전반적인 생활여건],False,False,True,True,False,3
생활여건의 변화[전반적인 생활여건]_코로나,False,False,False,True,False,4
선호 장례 방법,False,False,True,True,False,3
선호장례방법코드,True,True,False,False,True,2
성별,False,False,True,True,False,3
성별코드,True,True,False,False,True,2
성취만족도코드,False,True,False,False,True,3
성취에 대한 만족도,False,False,True,True,False,3
소득 만족도,False,False,True,True,False,3
소득만족도코드,True,True,False,False,True,2
소득변화코드,True,True,False,False,True,2
소득의 변화,False,False,True,True,False,3
소득의 변화_코로나,False,False,False,True,False,4
소비 생활 변화,False,False,False,True,False,4
소비생활 만족도,False,False,True,True,False,3
소비생활만족도코드,True,True,False,False,True,2
수학여부,False,False,True,True,False,3
승수(가구)_weight,False,False,True,False,False,4
승수(가구원)_weight,False,False,True,False,False,4
신뢰,False,False,True,True,False,3
신뢰코드,False,False,False,False,True,4
신문[인터넷신문] 본적있는지 여부,False,False,True,True,False,3
신문[인터넷신문]_보는 분야,False,False,True,True,False,3
신문[일반신문] 본적있는지 여부,False,False,True,True,False,3
신문[일반신문]_보는 분야,False,False,True,True,False,3
신문_인터넷신문구독여부,True,True,False,False,False,3
신문_인터넷신문구독주기코드,False,True,False,False,False,4
신문_일반신문구독여부,True,True,False,False,False,3
신문_일반신문구독주기코드,False,True,False,False,False,4
"아동, 청소년, 노인, 장애인, 재소자 등과 관련-시간",False,False,True,False,False,4
"아동, 청소년, 노인, 장애인, 재소자 등과 관련-주기",False,False,True,False,False,4
"아동, 청소년, 노인, 장애인, 재소자 등과 관련-횟수",False,False,True,False,False,4
앞으로 하고 싶은 여가 활동[1순위],False,False,True,True,False,3
앞으로 하고 싶은 여가 활동[2순위],False,False,True,True,False,3
앞으로 하고 싶은 여가 활동[3순위],False,False,True,True,False,3
여가 활용 만족도,False,False,True,True,False,3
여가 활용 불만족 이유,False,False,True,True,False,3
여가활동_동반자코드,True,False,False,False,False,4
여가활용_만족도코드,True,True,False,False,False,3
여가활용_불만족사유코드,True,True,False,False,True,2
여가활용만족도코드,False,False,False,False,True,4
여성 취업 시기,False,False,True,True,False,3
여성 취업 장애 요인[1순위],False,False,True,True,False,3
여성 취업 장애 요인[2순위],False,False,True,True,False,3
여성 취업 장애 요인[3순위],False,False,True,True,False,3
여성 취업에 대한 견해,False,False,True,True,False,3
여성취업견해코드,True,True,False,False,True,2
여성취업시기코드,True,True,False,False,True,2
여성취업장애요인_1순위코드,True,True,False,False,True,2
여성취업장애요인_2순위코드,True,True,False,False,True,2
여성취업장애요인_3순위코드,True,True,False,False,True,2
우선실시장애인복지사업_1순위코드,True,True,False,False,True,2
우선실시장애인복지사업_2순위코드,True,True,False,False,True,2
우선실시장애인복지사업_3순위코드,True,True,False,False,True,2
우선적으로 실시해야 할 장애인 복지사업[1순위],False,False,True,True,False,3
우선적으로 실시해야 할 장애인 복지사업[2순위],False,False,True,True,False,3
우선적으로 실시해야 할 장애인 복지사업[3순위],False,False,True,True,False,3
원격 수업,False,False,False,True,False,4
원격 수업_효과성,False,False,False,True,False,4
원격 수업이 효과적이지 않은 이유[1순위],False,False,False,True,False,4
원격 수업이 효과적이지 않은 이유[2순위],False,False,False,True,False,4
원격 수업이 효과적이지 않은 이유[3순위],False,False,False,True,False,4
유산 기부 의사,False,False,True,False,False,4
유산기부의사여부,True,False,False,False,True,3
이용횟수[골프장],False,False,True,False,False,4
"이용횟수[관광명소(유적지, 국립공원 등)]",False,False,True,False,False,4
이용횟수[기타],False,False,True,False,False,4
이용횟수[놀이공원],False,False,True,False,False,4
이용횟수[산림욕장(휴양림)],False,False,True,False,False,4
이용횟수[수영장(워터파크 포함)],False,False,True,False,False,4
이용횟수[스키장 및 스케이트장(눈썰매장 포함)],False,False,True,False,False,4
이용횟수[온천장 및 스파],False,False,True,False,False,4
이용횟수[해수욕장],False,False,True,False,False,4
일가정생활우선도코드,True,True,False,False,True,2
일가정양립제도인지도_가족돌봄휴직제인지여부,True,True,False,False,False,3
일가정양립제도인지도_배우자출산휴가제인지여부,True,True,False,False,False,3
일가정양립제도인지도_유연근무제인지여부,True,True,False,False,False,3
일가정양립제도인지도_육아기근로시간단축제인지여부,True,True,False,False,False,3
일가정양립제도인지도_육아휴직제인지여부,True,True,False,False,False,3
일가정양립제도인지도_직장보육지원인지여부,True,True,False,False,False,3
일가정양립제도인지도_출산전후휴가제인지여부,True,True,False,False,False,3
일과 가정생활의 우선도,False,False,True,True,False,3
임금근로자 유형,False,False,True,True,False,3
임금근로자구분코드,True,True,False,False,True,2
자녀 교육 등과 관련-시간,False,False,True,False,False,4
자녀 교육 등과 관련-주기,False,False,True,False,False,4
자녀 교육 등과 관련-횟수,False,False,True,False,False,4
자녀 유무,False,False,True,True,False,3
자녀유무,False,False,False,False,True,4
자식세대_계층이동코드,False,False,False,False,True,4
자식세대계층이동코드,True,True,False,False,False,3
자식세대의 계층이동,False,False,True,True,False,3
자신의 방역 수칙 준수,False,False,False,True,False,4
자원봉사_아동청소년노인장애인재소자관련시간수,True,True,False,False,False,3
자원봉사_아동청소년노인장애인재소자관련횟수,True,True,False,False,False,3
자원봉사활동 여부,False,False,True,True,False,3
자원봉사활동 참여 이유,False,False,False,True,False,4
자원봉사활동 참여하지 않은 이유,False,False,False,True,False,4
자원봉사활동_국가지역행사관련시간수,True,True,False,False,False,3
자원봉사활동_국가지역행사관련횟수,True,True,False,False,False,3
자원봉사활동_기타일반봉사관련시간수,True,True,False,False,False,3
자원봉사활동_기타일반봉사관련횟수,True,True,False,False,False,3
자원봉사활동_자녀교육관련시간수,True,True,False,False,False,3
자원봉사활동_자녀교육관련횟수,True,True,False,False,False,3
자원봉사활동_재해지역주민돕기시설복구관련시간수,True,True,False,False,False,3
자원봉사활동_재해지역주민돕기시설복구관련횟수,True,True,False,False,False,3
자원봉사활동_환경보전범죄예방관련시간수,True,True,False,False,False,3
자원봉사활동_환경보전범죄예방관련횟수,True,True,False,False,False,3
자원봉사활동미참여사유코드,False,False,False,False,True,4
자원봉사활동여부,True,True,False,False,True,2
자원봉사활동인지경로코드,True,False,False,False,False,4
자원봉사활동정기성여부,True,False,False,False,False,4
자원봉사활동정기성주기코드,True,False,False,False,False,4
자원봉사활동주기성여부,False,True,False,False,False,4
자원봉사활동주기성코드,False,True,False,False,False,4
자원봉사활동참여사유코드,False,False,False,False,True,4
장애구분인지여부,False,True,False,False,False,4
장애인 관련 시설,False,False,True,True,False,3
장애인 복지사업,False,False,True,True,False,3
장애인 복지카드 소유 여부,False,False,True,False,False,4
장애인견해코드,True,False,False,False,False,4
장애인과의 유대관계 여부 및 대상,False,False,True,True,False,3
장애인과의 유대관계 여부 및 대상[대상[1순위]],False,False,True,True,False,3
장애인과의 유대관계 여부 및 대상[대상[2순위]],False,False,True,True,False,3
장애인과의 유대관계 여부 및 대상[대상[3순위]],False,False,True,True,False,3
장애인관련시설견해코드,True,True,False,False,True,2
장애인복지사업견해코드,True,True,False,False,True,2
장애인복지카드_소유여부,False,False,False,False,True,4
장애인복지카드소유여부,True,True,False,False,False,3
장애인유대관계대상_1순위코드,False,True,False,False,True,3
장애인유대관계대상_2순위코드,False,True,False,False,True,3
장애인유대관계대상_3순위코드,False,True,False,False,True,3
장애인유대관계여부,False,True,False,False,True,3
재택근무,False,False,False,True,False,4
재택근무_코로나,False,False,False,True,False,4
재택근무_효율성,False,False,False,True,False,4
재택근무가 비효율적인 이유[1순위],False,False,False,True,False,4
재택근무가 비효율적인 이유[2순위],False,False,False,True,False,4
재택근무가 비효율적인 이유[3순위],False,False,False,True,False,4
재학상태코드,True,True,False,False,True,2
재학학년코드,True,True,False,False,False,3
재해 지역 주민 돕기 및 시설 복구 등과 관련-시간,False,False,True,False,False,4
재해 지역 주민 돕기 및 시설 복구 등과 관련-주기,False,False,True,False,False,4
재해 지역 주민 돕기 및 시설 복구 등과 관련-횟수,False,False,True,False,False,4
전문성을 활용한 자원봉사 활동,False,False,True,False,False,4
전문성을 활용한 자원봉사 활동 여부,False,False,True,False,False,4
전문성활용자원봉사활동_구분코드,False,False,False,False,True,4
전문성활용자원봉사활동_참석여부,False,False,False,False,True,4
전문성활용자원봉사활동내용코드,True,False,False,False,False,4
전문성활용자원봉사활동여부,True,False,False,False,False,4
전반적일자리만족도코드,True,False,False,False,False,4
점유형태,False,False,True,True,False,3
점유형태코드,True,True,False,False,True,2
정기기부_물품기부_주기코드,False,True,False,False,False,4
정기기부_물품기부여부,False,True,False,False,False,4
정기기부_물품기부주기코드,True,False,False,False,False,4
정기기부_현금기부여부,False,True,False,False,False,4
정기기부_현금기부주기코드,True,False,False,False,False,4
종사상의 지위,False,False,True,True,False,3
종사상지위코드,True,True,False,False,True,2
주관적 만족감,False,False,True,True,False,3
주관적 만족감_코로나,False,False,False,True,False,4
주관적 소득수준,False,False,True,True,False,3
주관적만족감코드,True,True,False,False,True,2
주관적소득수준코드,True,True,False,False,True,2
주말(휴일포함)에 여가활동을 함께 하는 사람,False,False,True,True,False,3
주말(휴일포함)의 여가 활용[1순위],False,False,True,True,False,3
주말(휴일포함)의 여가 활용[2순위],False,False,True,True,False,3
주말(휴일포함)의 여가 활용[3순위],False,False,True,True,False,3
주말여가활동_동반자코드,False,True,False,False,True,3
주말휴일여가활용_1순위코드,True,True,False,False,True,2
주말휴일여가활용_2순위코드,True,True,False,False,True,2
주말휴일여가활용_3순위코드,True,True,False,False,True,2
주중에 여가활동을 함께 하는 사람,False,False,True,True,False,3
주중여가활동_동반자코드,False,True,False,False,True,3
주중여가활용_1순위코드,False,True,False,False,True,3
주중여가활용_2순위코드,False,True,False,False,True,3
주중여가활용_3순위코드,False,True,False,False,True,3
주중의 여가 활용[1순위],False,False,True,True,False,3
주중의 여가 활용[2순위],False,False,True,True,False,3
주중의 여가 활용[3순위],False,False,True,True,False,3
지난 1주간 경제활동상태,False,False,True,True,False,3
지난 1주간 경제활동상태_코로나,False,False,False,True,False,4
지난1주간경제활동여부,True,True,False,False,True,2
직업 선택 요인[1순위],False,False,True,True,False,3
직업 선택 요인[2순위],False,False,True,True,False,3
직업 선택 요인[3순위],False,False,True,True,False,3
직업대분류코드,True,True,False,False,True,2
직업선택요인_1순위코드,True,True,False,False,True,2
직업선택요인_2순위코드,True,True,False,False,True,2
직업선택요인_3순위코드,True,True,False,False,True,2
직업코드,False,False,True,True,False,3
직장산업대분류코드,True,True,False,False,True,2
참여단체_1순위코드,True,True,False,False,False,3
참여단체_2순위코드,True,True,False,False,False,3
참여단체_3순위코드,True,True,False,False,False,3
청년선호직장코드,True,True,False,False,True,2
청년이 선호하는 직장,False,False,True,True,False,3
"코로나19 일상 생활 변화[마스크 착용, 손 씻기 등 방역·위생 활동 강화]_변화가 지속될 가능성에 대한 견해",False,False,False,True,False,4
"코로나19 일상 생활 변화[마스크 착용, 손 씻기 등 방역·위생 활동 강화]_변화에 대한 견해",False,False,False,True,False,4
코로나19 일상 생활 변화[배달·배송을 통한 소비 활동 증가]_변화가 지속될 가능성에 대한 견해,False,False,False,True,False,4
코로나19 일상 생활 변화[배달·배송을 통한 소비 활동 증가]_변화에 대한 견해,False,False,False,True,False,4
코로나19 일상 생활 변화[온라인 학습의 확산]_변화가 지속될 가능성에 대한 견해,False,False,False,True,False,4
코로나19 일상 생활 변화[온라인 학습의 확산]_변화에 대한 견해,False,False,False,True,False,4
"코로나19 일상 생활 변화[재택근무, 원격 근무, 유연 근무제의 확산]_변화가 지속될 가능성에 대한 견해",False,False,False,True,False,4
"코로나19 일상 생활 변화[재택근무, 원격 근무, 유연 근무제의 확산]_변화에 대한 견해",False,False,False,True,False,4
코로나19 일상 생활 변화[직장에서의 단체 회식 감소]_변화가 지속될 가능성에 대한 견해,False,False,False,True,False,4
코로나19 일상 생활 변화[직장에서의 단체 회식 감소]_변화에 대한 견해,False,False,False,True,False,4
코로나19 일상 생활 변화[집에서 즐기는 여가·취미 생활 문화 발달]_변화가 지속될 가능성에 대한 견해,False,False,False,True,False,4
코로나19 일상 생활 변화[집에서 즐기는 여가·취미 생활 문화 발달]_변화에 대한 견해,False,False,False,True,False,4
코로나19 일상 생활 변화[친목·사교 목적의 모임 감소]_변화가 지속될 가능성에 대한 견해,False,False,False,True,False,4
코로나19 일상 생활 변화[친목·사교 목적의 모임 감소]_변화에 대한 견해,False,False,False,True,False,4
타인의 방역 수칙 준수,False,False,False,True,False,4
항후 늘려야 할 공공시설[3순위],False,False,True,True,False,3
해외여행 경험,False,False,True,True,False,3
해외여행 경험_코로나,False,False,False,True,False,4
해외여행 횟수[가사(가족·친지 방문 등)],False,False,True,False,False,4
해외여행 횟수[관광],False,False,True,False,False,4
해외여행 횟수[교육(어학연수 포함)],False,False,True,False,False,4
해외여행 횟수[업무],False,False,True,False,False,4
해외여행경험_가족친지관련횟수,True,True,False,False,False,3
해외여행경험_관광횟수,True,True,False,False,False,3
해외여행경험_교육횟수,True,True,False,False,False,3
해외여행경험_업무횟수,True,True,False,False,False,3
해외여행경험여부,True,True,False,False,True,2
행정구역(시도),False,False,True,True,False,3
행정구역시도코드,True,True,False,False,True,2
향후 기부 의사,False,False,True,True,False,3
향후 늘려야 할 공공시설[1순위],False,False,True,True,False,3
향후 늘려야 할 공공시설[2순위],False,False,True,True,False,3
향후 늘려야 할 복지서비스[1순위],False,False,True,True,False,3
향후 늘려야 할 복지서비스[2순위],False,False,True,True,False,3
향후 늘려야 할 복지서비스[3순위],False,False,True,True,False,3
향후 살고 싶은 곳,False,False,True,True,False,3
향후 자녀와 동거 의향,False,False,True,True,False,3
향후 자원봉사 활동 의사,False,False,True,True,False,3
향후기부의사여부,True,True,False,False,True,2
향후자녀동거의향여부,True,True,False,False,True,2
향후자원봉사활동의사여부,True,True,False,False,True,2
향후추가대상공공시설_1순위코드,True,True,False,False,True,2
향후추가대상공공시설_2순위코드,True,True,False,False,True,2
향후추가대상공공시설_3순위코드,True,True,False,False,True,2
향후추가대상복지서비스_1순위코드,True,True,False,False,True,2
향후추가대상복지서비스_2순위코드,True,True,False,False,True,2
향후추가대상복지서비스_3순위코드,True,True,False,False,True,2
향후희망거처코드,True,True,False,False,True,2
향후희망여가활동_1순위코드,True,True,False,False,True,2
향후희망여가활동_2순위코드,True,True,False,False,True,2
향후희망여가활동_3순위코드,True,True,False,False,True,2
현금기부_주기성여부,False,True,False,False,False,4
현재 소득 여부,False,False,True,True,False,3
현재 자녀와 동거 여부,False,False,True,True,False,3
현재 자녀와 동거 이유[1순위],False,False,True,True,False,3
현재 자녀와 동거 이유[2순위],False,False,True,True,False,3
현재 자녀와 동거 이유[3순위],False,False,True,True,False,3
현재 자녀와 동거하지 않는 이유[1순위],False,False,True,True,False,3
현재 자녀와 동거하지 않는 이유[2순위],False,False,True,True,False,3
현재 자녀와 동거하지 않는 이유[3순위],False,False,True,True,False,3
현재소득여부,True,True,False,False,True,2
현재자녀동거사유_1순위코드,True,True,False,False,True,2
현재자녀동거사유_2순위코드,True,True,False,False,True,2
현재자녀동거사유_3순위코드,True,True,False,False,True,2
현재자녀동거여부,True,True,False,False,True,2
현재자녀비동거사유_1순위코드,True,True,False,False,True,2
현재자녀비동거사유_2순위코드,True,True,False,False,True,2
현재자녀비동거사유_3순위코드,True,True,False,False,True,2
혼인상태,False,False,True,True,False,3
혼인상태코드,True,True,False,False,True,2
혼인신고 여부,False,False,True,True,False,3
혼인신고여부,False,False,False,False,True,4
"환경 보전, 범죄 예방 등과 관련-시간",False,False,True,False,False,4
"환경 보전, 범죄 예방 등과 관련-주기",False,False,True,False,False,4
"환경 보전, 범죄 예방 등과 관련-횟수",False,False,True,False,False,4
활동 제약 상태[계단을 오르는 데 어려움],False,False,False,True,False,4
활동 제약 상태[계단을 오르는 데 어려움]_지속 예상 기간,False,False,False,True,False,4
활동 제약 상태[기억하거나 집중하는 데 어려움],False,False,False,True,False,4
활동 제약 상태[기억하거나 집중하는 데 어려움]_지속 예상 기간,False,False,False,True,False,4
활동 제약 상태[보청기를 사용해도 듣는 데 어려움],False,False,False,True,False,4
활동 제약 상태[보청기를 사용해도 듣는 데 어려움]_지속 예상 기간,False,False,False,True,False,4
활동 제약 상태[스스로 자기 관리 활동을 하는 데 어려움],False,False,False,True,False,4
활동 제약 상태[스스로 자기 관리 활동을 하는 데 어려움]_지속 예상 기간,False,False,False,True,False,4
활동 제약 상태[안경을 써도 보는 데 어려움],False,False,False,True,False,4
활동 제약 상태[안경을 써도 보는 데 어려움]_지속 예상 기간,False,False,False,True,False,4
"활동 제약 상태[일상생활에서 말을 하거나 듣고, 이해하는 데 어려움]",False,False,False,True,False,4
"활동 제약 상태[일상생활에서 말을 하거나 듣고, 이해하는 데 어려움]_지속 예상 기간",False,False,False,True,False,4
활동제약상태(계단을오르는데어려움)_어려움정도코드,False,False,False,False,True,4
활동제약상태(계단을오르는데어려움)_지속예상기간코드,False,False,False,False,True,4
활동제약상태(기억하거나집중하는데어려움)_어려움정도코드,False,False,False,False,True,4
활동제약상태(기억하거나집중하는데어려움)_지속예상기간코드,False,False,False,False,True,4
활동제약상태(보청기를사용해도듣는데어려움)_어려움정도코드,False,False,False,False,True,4
활동제약상태(보청기를사용해도듣는데어려움)_지속예상기간코드,False,False,False,False,True,4
활동제약상태(스스로자기관리활동을하는데어려움)_어려움정도코드,False,False,False,False,True,4
활동제약상태(스스로자기관리활동을하는데어려움)_지속예상기간코드,False,False,False,False,True,4
활동제약상태(안경을써도보는데어려움)_어려움정도코드,False,False,False,False,True,4
활동제약상태(안경을써도보는데어려움)_지속예상기간코드,False,False,False,False,True,4
활동제약상태(일상생활에서말을하거나듣고이해하는데어려움)_어려움정도코드,False,False,False,False,True,4
활동제약상태(일상생활에서말을하거나듣고이해하는데어려움)_지속예상기간코드,False,False,False,False,True,4
